oid,name,dept,salary,manager
1,XUXOIWLXSVE,DD94868,1918,CHRVFBIDIFM
2,RRLUMSXMATE,DD51487,3860,EETBNZSUKAM
3,TMDXWSCUHSE,DD31050,2617,NWNSALIYVAM
4,HYHKEQTMHDE,DD93665,4153,CAFIDTXJRRM
5,VZXIEFGJBBE,DD04207,2905,NBKLQFAQSIM
6,GLROQUAXEJE,DD44833,4170,EZXDGPVYDYM
7,DLTKSZQQIWE,DD59374,1088,WLJKAYLDYSM
8,HBLTWVBCGME,DD48733,4399,LRFSLITBANM
9,LSIKJLLUSQE,DD09539,1055,OQAUQVQHOIM
10,NBHUTLZRUDE,DD96710,3126,EFJCSADIGRM
11,NAGAJFYOUQE,DD84401,2321,KNMVCYLFZQM
12,HPUYBEJHOUE,DD16790,2549,KNMVCYLFZQM
13,DQRBZULTAYE,DD07244,1259,HWMMFBGBDUM
14,EFPHYHSNKUE,DD50328,1186,PJBYLUFOVOM
15,TQKJTMMVBEE,DD43051,3334,EQTDUOXQFCM
16,ZEAJXTUDXSE,DD56908,1828,NGRZZJGSPXM
17,OWVKZCXZQLE,DD70473,1960,BITZUPQCHSM
18,OPWSPGSHCRE,DD98300,1229,UVRYTEHQLGM
19,RIISYISFUOE,DD23688,1623,TJUSAKEVAOM
20,DPQLTUETVWE,DD97854,2577,QQWPYQNAOWM
21,KMNPJKKHYAE,DD45197,3065,IXTDMCXNNYM
22,YIABJHAJZAE,DD99475,3521,QHSKNTFYACM
23,IATGMAONVHE,DD14575,3704,BOKNGLJBJVM
24,DLTKSZQQIWE,DD59374,1203,WLJKAYLDYSM
25,CTQJMPJBXTE,DD95005,3446,YWDUWYCDGJM
26,FFAUJXOKYFE,DD34712,4037,ZKUTZKTSDEM
27,LSIKJLLUSQE,DD09539,1632,OQAUQVQHOIM
28,AFVBMKVPVDE,DD69952,3729,QLOCETVTZAM
29,NMXVMJUHOYE,DD97211,3200,JZIOKRMBYEM
30,CXGJNAHMBBE,DD04634,3225,FGJVUKOOHNM
31,FTQMVLBGVFE,DD30813,1767,OESKPZFXEEM
32,NKCPAJRQTAE,DD36585,4424,DJJAKFWJAAM
33,GYYVJCBSQOE,DD23839,1031,RYIUSLZCGYM
34,NDUIGUUCFOE,DD08955,1440,ZJTALSBYPAM
35,IBFIIWGQYLE,DD69909,4218,QQWPYQNAOWM
36,QNHROKOEUFE,DD54143,2196,GKGPEMMGAIM
37,YVUQQQXBLDE,DD23670,4614,ZJTALSBYPAM
38,EPBCNTZFJYE,DD88442,4433,HRHGHMPUGAM
39,KTXIUXFWMJE,DD67285,3578,EZXDGPVYDYM
40,ZYMOIGWIIOE,DD04084,1265,BFVORJBMSXM
41,XUXOIWLXSVE,DD94868,3131,CHRVFBIDIFM
42,IKPECCDECKE,DD19895,3595,MRRILYZHVIM
43,FCTRRUCIRVE,DD29944,1388,KNMVCYLFZQM
44,QVRDMXAFVGE,DD61445,3985,QHEOCNZBLGM
45,VGWPXJJILKE,DD78932,4334,IYHLXLNAHIM
46,PNBSRBVSXVE,DD88163,3338,FGJVUKOOHNM
47,YTZGJXRETWE,DD62717,2215,EIPHSLZBHZM
48,KQDISKXQHGE,DD45355,1900,BCOUHNPMOZM
49,PUOFRVSYEQE,DD54002,1010,IXTDMCXNNYM
50,EABCDVDCPXE,DD08704,1545,OGRZASKWKZM
51,XIDFMXFRCVE,DD02211,1256,VSSJSCOXPNM
52,OPWSPGSHCRE,DD98300,2193,UVRYTEHQLGM
53,KYTUYQCCRLE,DD66046,3571,VIHUEUGZHWM
54,DQRBZULTAYE,DD07244,3206,HWMMFBGBDUM
55,RIZPXFHJQVE,DD65302,3003,SZYKZZWOUEM
56,QXNNICEAPEE,DD17198,2542,JZIOKRMBYEM
57,OBVMYVBMBOE,DD92150,1121,TJUSAKEVAOM
58,JGTLYPVTKEE,DD72275,4305,JWKXQNUQKWM
59,JJYTICCXXVE,DD96946,4805,JIPXMAOBVUM
60,VSCIBITGYDE,DD86084,3392,SGNOVZYNHRM
61,FRLLWMKLZUE,DD36638,1586,EQOHYWLOQUM
62,HHMOPUAHYLE,DD28557,3214,JKTBQMRJIHM
63,PYKSKWPHFWE,DD08663,4291,QBNIIFFFDSM
64,GQDEHWYHFVE,DD56077,2353,JFYQTAPBDPM
65,XGVWMPWSOAE,DD99768,2991,PJBYLUFOVOM
66,HCCNGKOPKJE,DD04595,3535,BCOUHNPMOZM
67,DXVACPJWLOE,DD78019,2730,UXPXLTTPDOM
68,XXYMINJGVOE,DD02587,2370,TPBUKUKLWKM
69,NMVEWMIZVZE,DD17042,1809,CAQQRATKZEM
70,DAIZCVNBEIE,DD66955,3838,HXJLMPNWWHM
71,GGPQFANAIYE,DD18991,1869,SYAEZLOKJUM
72,HOUZHEZDRUE,DD63412,4923,LNMNVSIGHPM
73,NNAFBYOUNOE,DD03917,1910,ESIPBDQRGYM
74,EZKOQMFSIOE,DD53413,3632,BNRHULVDSJM
75,IDKGLEMGPQE,DD37196,1834,ZITKUHEZNLM
76,NDUIGUUCFOE,DD08955,1267,ZJTALSBYPAM
77,FDARBBLTTJE,DD73464,2741,GNMGJIRBNJM
78,QFMXDUCJZEE,DD86480,2793,WPMGBJWPTVM
79,GLROQUAXEJE,DD44833,1393,EZXDGPVYDYM
80,XVGTJRTRHVE,DD97933,1968,QQWPYQNAOWM
81,WPSVUFHMQLE,DD69995,2883,VAZGHWNRFPM
82,PJECTOMHBYE,DD19430,1244,HXJLMPNWWHM
83,KBLVUGZAADE,DD78048,4786,ISWBDOWEMBM
84,GLFHTIVEOZE,DD18498,1162,ESIPBDQRGYM
85,EYUSXCQZRKE,DD07753,1420,NWNSALIYVAM
86,DNTHVLTZGJE,DD99110,1444,XOVDJIMQLZM
87,GLFHTIVEOZE,DD18498,4019,ESIPBDQRGYM
88,QVRDMXAFVGE,DD61445,1862,QHEOCNZBLGM
89,QFMXDUCJZEE,DD86480,4117,WPMGBJWPTVM
90,JFRQKMAGQVE,DD95825,3157,WEHRPRABIZM
91,PCPVOXHVSAE,DD34750,1728,UBUANRRIDSM
92,OWVKZCXZQLE,DD70473,2202,BITZUPQCHSM
93,ZHGTYLOZNEE,DD59639,1079,CAQQRATKZEM
94,MQYCFOJZROE,DD32398,1817,OJGBFDIAYXM
95,FJTPFRNDHME,DD80540,4281,QEMZDZCDXGM
96,DAFWACHPKFE,DD65829,2798,NHPRQSZKTYM
97,YYZIGFHKABE,DD76900,4108,JFYQTAPBDPM
98,QZYNQHZACZE,DD83996,2414,IDAHFMTFBNM
99,ZEAJXTUDXSE,DD56908,3429,NGRZZJGSPXM
100,HJIMMUYCKNE,DD27795,3688,JHNZRHTXLQM
101,GJHAMQGYNAE,DD20939,1967,FZTFLBCNZGM
102,BZRLZPDQKBE,DD81903,1407,SLWJCGKVXLM
103,ZYMOIGWIIOE,DD04084,4367,BFVORJBMSXM
104,GMICIRFLUGE,DD23929,3609,OIPUOQRVZQM
105,ZGGZKOMTKFE,DD91113,1136,GDOEJWKVJTM
106,LNOCYTQSRYE,DD15623,1701,PGVAQGRAVLM
107,VIDYXGAGZHE,DD36321,4872,UJSNCAQLPXM
108,HXXMNOJQJLE,DD82515,3782,ZITKUHEZNLM
109,GFMTGBULBME,DD03442,4365,BFVORJBMSXM
110,IXUGYLTRQIE,DD97932,4603,GABKKCQKSHM
111,JGTWHDSDHEE,DD11500,2645,SZYKZZWOUEM
112,HKPGWTLAHFE,DD96929,1646,BCOUHNPMOZM
113,JMCWWVFXVTE,DD93801,1751,EETBNZSUKAM
114,QNHROKOEUFE,DD54143,1375,GKGPEMMGAIM
115,DNTHVLTZGJE,DD99110,1000,XOVDJIMQLZM
116,BXQDPYARFEE,DD23955,4910,TLVCKEDISYM
117,SYAAWWBWGAE,DD03669,1730,OAQRDRRMRCM
118,PJECTOMHBYE,DD19430,4231,HXJLMPNWWHM
119,JAYTBMXTBLE,DD95406,1090,DWAMEMUNWQM
120,DPGGLPCTOOE,DD72896,3282,RIASRABRRZM
121,HZKJHLADVRE,DD38218,2054,KZUQQZTVMOM
122,ANUUOHTYVXE,DD93635,2602,CCFWTHBBIOM
123,WWALMNTNXUE,DD67690,3774,GBFIUZLYEVM
124,ZGGZKOMTKFE,DD91113,2533,GDOEJWKVJTM
125,MBCQECBTAZE,DD27880,3921,IYHLXLNAHIM
126,GDRRFEQKQZE,DD23294,4971,ZKUTZKTSDEM
127,TMDXWSCUHSE,DD31050,4124,NWNSALIYVAM
128,JRXRAQEXPEE,DD13746,1703,ISWBDOWEMBM
129,JAYTBMXTBLE,DD95406,1810,DWAMEMUNWQM
130,LSIKJLLUSQE,DD09539,3111,OQAUQVQHOIM
131,FJTPFRNDHME,DD80540,3110,QEMZDZCDXGM
132,NXCRKZUHEWE,DD87520,3448,IDAHFMTFBNM
133,VFTVTLGRMBE,DD47681,3590,HXJLMPNWWHM
134,PWYJSNHFCKE,DD13247,4382,VIHUEUGZHWM
135,TLFXXBJXJQE,DD56632,1739,JSLKCXKWRPM
136,JXESBQRJEFE,DD45512,3434,QHEOCNZBLGM
137,NMXVMJUHOYE,DD97211,1230,JZIOKRMBYEM
138,GLFHTIVEOZE,DD18498,1977,ESIPBDQRGYM
139,NPSDFNSGUNE,DD36823,3849,LNMNVSIGHPM
140,XGVWMPWSOAE,DD99768,3603,PJBYLUFOVOM
141,VFTVTLGRMBE,DD47681,2134,HXJLMPNWWHM
142,XSHLWXQUNFE,DD87378,4518,JNPGZFKVCKM
143,NBRCTXMRYOE,DD67936,3425,IYHLXLNAHIM
144,EFCQLBRAYHE,DD76343,4042,UBBJKJHRVWM
145,TUCUCBEZPBE,DD34857,4129,RQFAHXZJPQM
146,FXECWCZJECE,DD95028,4528,MVYRQNUCFKM
147,XNNCQFKVJLE,DD98583,1852,CAQQRATKZEM
148,PMCBEHWLVGE,DD99552,4071,UKYUGHHRHCM
149,UKHTQJBAMJE,DD23558,2498,FXLRYABLPMM
150,HBLTWVBCGME,DD48733,1737,LRFSLITBANM
151,BQIXXVQFQXE,DD13134,2199,XYSCDSLCQMM
152,OXCLNVNELWE,DD73832,4784,XJUEOOMLZNM
153,MTLCZQMGTJE,DD88367,3874,EQTDUOXQFCM
154,SARAJULDOGE,DD41377,2004,JJPCKXVUBMM
155,OMBMRFTJWXE,DD89613,4951,QOGYWIDTXUM
156,PYKQNPQIIZE,DD12978,3905,QHEOCNZBLGM
157,TQWZHOWAINE,DD40397,3376,HTNCCAFJIYM
158,CMFULFQOCOE,DD70819,1741,UKYUGHHRHCM
159,ZHGTYLOZNEE,DD59639,2615,CAQQRATKZEM
160,ZAEPUKPWCWE,DD41568,1744,FDSILEXEAAM
161,VZDMXKDEPXE,DD16928,3304,GBFIUZLYEVM
162,EYNAGOJWZSE,DD52506,3604,XFBLGRKLVHM
163,PRBDJIMZNPE,DD79266,4379,EETBNZSUKAM
164,DXVACPJWLOE,DD78019,1285,UXPXLTTPDOM
165,WJXOXJHSECE,DD90730,1716,SLHRIVLSPXM
166,RMJKGLHIZUE,DD51016,2364,GCQTJEBYFQM
167,EGAYZUBTQCE,DD38295,2081,OAQRDRRMRCM
168,VCKWBAXVMBE,DD76566,4743,TORWKWSGGNM
169,EYISBXTVPTE,DD30384,3031,NSDQWYGOBSM
170,AFVBMKVPVDE,DD69952,4500,QLOCETVTZAM
171,AQYFNEWDHRE,DD49180,3068,GKGPEMMGAIM
172,EYUSXCQZRKE,DD07753,4636,NWNSALIYVAM
173,RIISYISFUOE,DD23688,1698,TJUSAKEVAOM
174,HXXMNOJQJLE,DD82515,1859,ZITKUHEZNLM
175,HZKJHLADVRE,DD38218,1212,KZUQQZTVMOM
176,USRSURUXBHE,DD02718,4076,SZYKZZWOUEM
177,HOADLPIWSVE,DD08737,4810,HTNCCAFJIYM
178,YISLJWZJHDE,DD80283,3991,QPJPZVJNEKM
179,RNNZTGXPLLE,DD84820,2842,MVYRQNUCFKM
180,YTZGJXRETWE,DD62717,2771,EIPHSLZBHZM
181,EZKOQMFSIOE,DD53413,4925,BNRHULVDSJM
182,XHMOMBLZUHE,DD68199,2800,ULOORZCXOTM
183,GQDEHWYHFVE,DD56077,2715,JFYQTAPBDPM
184,FCHWGILOKJE,DD76748,3467,VWUNMQIGINM
185,FEVTJRSXUQE,DD58728,4539,QQWPYQNAOWM
186,WDKXNVBRMRE,DD15222,3654,LANSSRWCWFM
187,KQIVNEPLZIE,DD82502,2303,HDHNBQQJMFM
188,JOJKHJFDJHE,DD86012,3988,KHOZWAUHBRM
189,SGEAQELIBRE,DD60813,3543,TGKESFWGHIM
190,SEHFHPGQTCE,DD72953,2773,FOFVQAWXUYM
191,PNIXUEFJJGE,DD21202,3027,JWKXQNUQKWM
192,WXSYOABIWJE,DD10829,1222,HJVTIAFWGHM
193,RJEBOFNFBDE,DD93834,1857,QQWPYQNAOWM
194,YQQLEJUIEBE,DD61830,4770,LNMNVSIGHPM
195,QJHKEOQLMWE,DD40128,2042,QBNIIFFFDSM
196,EGAYZUBTQCE,DD38295,1560,OAQRDRRMRCM
197,LZLDRWOKFSE,DD13760,1667,XYICSTSFKNM
198,EABCDVDCPXE,DD08704,3668,OGRZASKWKZM
199,ZYMOIGWIIOE,DD04084,2712,BFVORJBMSXM
200,EVOMNIBLGDE,DD51988,1754,JSLKCXKWRPM
201,NJWQUQMOOOE,DD03526,1774,MRRILYZHVIM
202,SUAZURPYLAE,DD36971,3708,XOVDJIMQLZM
203,HJDRQSZXYIE,DD64854,1118,LANSSRWCWFM
204,GYYVJCBSQOE,DD23839,4459,RYIUSLZCGYM
205,DNTHVLTZGJE,DD99110,4098,XOVDJIMQLZM
206,VZDMXKDEPXE,DD16928,1198,GBFIUZLYEVM
207,WXSYOABIWJE,DD10829,3286,HJVTIAFWGHM
208,RCMZNBLALZE,DD30421,2297,DJJAKFWJAAM
209,INMPJIBZHLE,DD64908,3242,QLOCETVTZAM
210,PHKSKPXAJXE,DD35011,4612,RLQLFLYPADM
211,NAWAMTRSHFE,DD35354,4222,JIPXMAOBVUM
212,NAGAJFYOUQE,DD84401,3722,KNMVCYLFZQM
213,JOJKHJFDJHE,DD86012,4705,KHOZWAUHBRM
214,NFEWKWFDOKE,DD72036,1563,PQKDQFAGVMM
215,RSXBXLVWQJE,DD15446,2172,ZITKUHEZNLM
216,VRIXOUAPUBE,DD16590,1643,OJGBFDIAYXM
217,WWALMNTNXUE,DD67690,1532,GBFIUZLYEVM
218,JEQNXBTBACE,DD03540,4151,EQOHYWLOQUM
219,MRGSQQXTQYE,DD87586,3184,JTRJFYBACOM
220,JEQNXBTBACE,DD03540,2864,EQOHYWLOQUM
221,DTMYVYMVWNE,DD93467,4659,EUOIPGLBDQM
222,JRSYUXGPOPE,DD60631,4333,WEHRPRABIZM
223,BAUFZXSYSGE,DD05044,3656,EIPHSLZBHZM
224,AZOTCCZHXIE,DD61939,2328,SYAEZLOKJUM
225,IIUOZCFZRTE,DD70354,2908,HJVTIAFWGHM
226,OAWHTTEQALE,DD60543,1199,NHPRQSZKTYM
227,DQRBZULTAYE,DD07244,2437,HWMMFBGBDUM
228,MSLNVSXSFFE,DD24588,4792,ESIPBDQRGYM
229,MLQPLVLXZLE,DD13074,1131,LTWWPTJMOEM
230,MSLNVSXSFFE,DD24588,2822,ESIPBDQRGYM
231,BQIXXVQFQXE,DD13134,1483,XYSCDSLCQMM
232,JOXXMUFCLIE,DD67923,3659,RAVCHBRLYVM
233,GCIARXMGGLE,DD77395,4171,CAFIDTXJRRM
234,KQDISKXQHGE,DD45355,4649,BCOUHNPMOZM
235,RRPQTTBRVBE,DD44339,2155,IYHLXLNAHIM
236,IATGMAONVHE,DD14575,4711,BOKNGLJBJVM
237,QXNNICEAPEE,DD17198,3109,JZIOKRMBYEM
238,CSGUNCCACBE,DD92627,3848,VWUNMQIGINM
239,YCLLUUHTHYE,DD27533,2540,ESIPBDQRGYM
240,PYKQNPQIIZE,DD12978,4845,QHEOCNZBLGM
241,VCKWBAXVMBE,DD76566,1607,TORWKWSGGNM
242,KEJGNGSCEUE,DD70390,4954,JJPCKXVUBMM
243,FZXBWSRSXME,DD60053,4878,QQWPYQNAOWM
244,TLFXXBJXJQE,DD56632,4666,JSLKCXKWRPM
245,LDAFFLQDQBE,DD52904,1935,QPRBHZCHGEM
246,ANUUOHTYVXE,DD93635,2745,CCFWTHBBIOM
247,MDAHCOWZGFE,DD49827,4537,XJUEOOMLZNM
248,XSHLWXQUNFE,DD87378,2837,JNPGZFKVCKM
249,JEQNXBTBACE,DD03540,1376,EQOHYWLOQUM
250,HKPGWTLAHFE,DD96929,4096,BCOUHNPMOZM
251,PWYJSNHFCKE,DD13247,3771,VIHUEUGZHWM
252,ZHMGATOAPZE,DD02811,1504,GNMGJIRBNJM
253,XVGTJRTRHVE,DD97933,2258,QQWPYQNAOWM
254,PCPVOXHVSAE,DD34750,4069,UBUANRRIDSM
255,EVOMNIBLGDE,DD51988,3221,JSLKCXKWRPM
256,VEXOQPCVRYE,DD00901,3238,IVTTGLIUCQM
257,QYTONOFUKQE,DD28371,4674,CPTRQJIIAMM
258,VXBULBSQPAE,DD97777,4663,FZTFLBCNZGM
259,BWLZZDMJOBE,DD91989,4870,EQTDUOXQFCM
260,PHKSKPXAJXE,DD35011,2603,RLQLFLYPADM
261,JKCAPIVYXBE,DD73721,1214,OAQRDRRMRCM
262,HTCXXARWHOE,DD17639,1629,BCOUHNPMOZM
263,PFJGXVAOFBE,DD16484,4505,JKTBQMRJIHM
264,NMXVMJUHOYE,DD97211,3032,JZIOKRMBYEM
265,MRGSQQXTQYE,DD87586,3870,JTRJFYBACOM
266,HVPGZHIXUPE,DD01013,3427,QQNLKEGDOQM
267,VXFVHLWNMFE,DD16090,4327,EETBNZSUKAM
268,UIYBOBBXDME,DD60118,2103,UBBJKJHRVWM
269,BRMSHHBVVJE,DD07634,4346,IUNJIIMCZDM
270,DBLWWNFBZSE,DD13184,2560,RAVCHBRLYVM
271,PYKQNPQIIZE,DD12978,1309,QHEOCNZBLGM
272,OBVMYVBMBOE,DD92150,1686,TJUSAKEVAOM
273,YTZGJXRETWE,DD62717,2021,EIPHSLZBHZM
274,ADTIXHRGARE,DD93700,2291,EFJCSADIGRM
275,RIISYISFUOE,DD23688,2130,TJUSAKEVAOM
276,NAWAMTRSHFE,DD35354,1829,JIPXMAOBVUM
277,GOVGKQTPTWE,DD87349,3741,PGVAQGRAVLM
278,ZWPBQWIDERE,DD13107,1372,QPJPZVJNEKM
279,ZGGZKOMTKFE,DD91113,4040,GDOEJWKVJTM
280,YWHSFYAFCAE,DD04096,4579,UKWXZTTPYNM
281,SZENHBDXJLE,DD82245,1427,GZGKHZBFHAM
282,JRXRAQEXPEE,DD13746,4967,ISWBDOWEMBM
283,UEVYFTBSMPE,DD94578,1993,NAXDWQCABDM
284,MPROCZKBAIE,DD58122,3813,JIPXMAOBVUM
285,FKLBAPGAFRE,DD93427,4589,PYETMXQBPBM
286,LPSSYPSXJEE,DD20210,3750,GDOEJWKVJTM
287,KAQDOYBAUIE,DD59408,3916,UXPXLTTPDOM
288,IKPECCDECKE,DD19895,2151,MRRILYZHVIM
289,TQWZHOWAINE,DD40397,4386,HTNCCAFJIYM
290,JEQNXBTBACE,DD03540,1439,EQOHYWLOQUM
291,JAYTBMXTBLE,DD95406,4088,DWAMEMUNWQM
292,FEVTJRSXUQE,DD58728,2187,QQWPYQNAOWM
293,DXVACPJWLOE,DD78019,3899,UXPXLTTPDOM
294,NNAFBYOUNOE,DD03917,2543,ESIPBDQRGYM
295,KPJHUIXLQCE,DD33011,4331,NSDQWYGOBSM
296,WMGWIDCYHFE,DD04435,3784,EICPGWREDIM
297,EFRKIBEBZAE,DD46453,2586,SWLENZIZEWM
298,SZENHBDXJLE,DD82245,4972,GZGKHZBFHAM
299,GQDEHWYHFVE,DD56077,2508,JFYQTAPBDPM
300,RMJKGLHIZUE,DD51016,2055,GCQTJEBYFQM
301,JXESBQRJEFE,DD45512,2918,QHEOCNZBLGM
302,OBVMYVBMBOE,DD92150,2839,TJUSAKEVAOM
303,UQMIGHTWQCE,DD02153,1913,GBFIUZLYEVM
304,DLTKSZQQIWE,DD59374,2136,WLJKAYLDYSM
305,DAIZCVNBEIE,DD66955,3281,HXJLMPNWWHM
306,SEHFHPGQTCE,DD72953,1468,FOFVQAWXUYM
307,MZNDOBQTFUE,DD77623,4621,DUQTCHBQCJM
308,KMRTSPIJPKE,DD23513,2756,GZGKHZBFHAM
309,FSHSJQXCXEE,DD04854,4240,RNDYQTBSLDM
310,VXBULBSQPAE,DD97777,3250,FZTFLBCNZGM
311,PQZKLSMEVTE,DD72094,3963,UKWXZTTPYNM
312,MEWCLWKFTAE,DD29288,1685,GZGKHZBFHAM
313,HUDSULRVYJE,DD09265,1200,KHOZWAUHBRM
314,ROBYQBSFGHE,DD01881,2975,JIPXMAOBVUM
315,HNLNGHTGXDE,DD86955,3795,SYAEZLOKJUM
316,HHMOPUAHYLE,DD28557,3891,JKTBQMRJIHM
317,TYTNEHZCUDE,DD81416,1806,MRRILYZHVIM
318,ROLWZIMOEHE,DD95145,4692,ZKUTZKTSDEM
319,INVOSKJGZWE,DD94092,2079,KDBDZOGARVM
320,QUNJFOCWTRE,DD04765,1283,BCOUHNPMOZM
321,PWYJSNHFCKE,DD13247,4347,VIHUEUGZHWM
322,OAWHTTEQALE,DD60543,2114,NHPRQSZKTYM
323,EOQVLQDMBRE,DD03299,2791,MVYRQNUCFKM
324,UYDSRALXRVE,DD02947,1645,VSDARYJEEGM
325,DAIZCVNBEIE,DD66955,4258,HXJLMPNWWHM
326,FQRYFEUVXYE,DD47317,1091,LTWWPTJMOEM
327,URXEKIXIEGE,DD97208,2444,VWUNMQIGINM
328,XIDFMXFRCVE,DD02211,4058,VSSJSCOXPNM
329,WJXOXJHSECE,DD90730,3840,SLHRIVLSPXM
330,ROLWZIMOEHE,DD95145,1020,ZKUTZKTSDEM
331,VGWPXJJILKE,DD78932,2083,IYHLXLNAHIM
332,GCIARXMGGLE,DD77395,1517,CAFIDTXJRRM
333,NNIDZJSIAZE,DD85350,3566,TPBUKUKLWKM
334,KFCCGRKWEDE,DD84240,3581,MBSWLUTPLKM
335,FROYPJOAKKE,DD14816,3792,GBFIUZLYEVM
336,PFJGXVAOFBE,DD16484,2606,JKTBQMRJIHM
337,XOWXJPGGXWE,DD46470,3398,LWFCQBQIJAM
338,YCLLUUHTHYE,DD27533,2722,ESIPBDQRGYM
339,LZLDRWOKFSE,DD13760,1898,XYICSTSFKNM
340,SGEAQELIBRE,DD60813,4533,TGKESFWGHIM
341,INVOSKJGZWE,DD94092,1954,KDBDZOGARVM
342,ANUUOHTYVXE,DD93635,2271,CCFWTHBBIOM
343,BACBPHWVMUE,DD05673,3540,QOGYWIDTXUM
344,GLFHTIVEOZE,DD18498,4686,ESIPBDQRGYM
345,KTSXLCOQFAE,DD70642,1450,GNMGJIRBNJM
346,GEGQQCFGUHE,DD37450,2436,NEWKYRUCJSM
347,AZOTCCZHXIE,DD61939,2475,SYAEZLOKJUM
348,XIDFMXFRCVE,DD02211,4944,VSSJSCOXPNM
349,KLSFJNMYCSE,DD24593,2632,IVTTGLIUCQM
350,IXUGYLTRQIE,DD97932,4209,GABKKCQKSHM
351,BQCYPUBTRLE,DD95722,1124,WXSQTKROJFM
352,UZEVLUQNULE,DD15770,1167,FDSILEXEAAM
353,GCIARXMGGLE,DD77395,2551,CAFIDTXJRRM
354,DZCKGWVJPGE,DD51232,3516,WXSQTKROJFM
355,BPHAKHHXQSE,DD26040,4199,SLWJCGKVXLM
356,FSZYJMWABLE,DD47177,3060,EETBNZSUKAM
357,OXCLNVNELWE,DD73832,2239,XJUEOOMLZNM
358,OXEIBBCFWDE,DD48396,2570,NFSIULTSKPM
359,TWWBGPCWQDE,DD94563,3851,DJJAKFWJAAM
360,NGJUOJJMWXE,DD71619,1843,EETBNZSUKAM
361,NMTIJWOSEOE,DD40041,2293,JNPGZFKVCKM
362,PYKQNPQIIZE,DD12978,4626,QHEOCNZBLGM
363,YCLLUUHTHYE,DD27533,1748,ESIPBDQRGYM
364,IDZAECVQVWE,DD73055,3913,CAQQRATKZEM
365,PTBBKFNKRAE,DD53373,2552,FXLRYABLPMM
366,RCMZNBLALZE,DD30421,3028,DJJAKFWJAAM
367,SGGOEHFXTFE,DD75869,2679,EICPGWREDIM
368,UDTJOTBHGTE,DD11339,2880,NHDJKFVARUM
369,ZWPBQWIDERE,DD13107,1114,QPJPZVJNEKM
370,NNAFBYOUNOE,DD03917,4236,ESIPBDQRGYM
371,DZCKGWVJPGE,DD51232,2902,WXSQTKROJFM
372,PFHCPSOQTZE,DD76152,3133,TEQYBYANQHM
373,KPJHUIXLQCE,DD33011,1087,NSDQWYGOBSM
374,IMOPVHRVPCE,DD25830,4251,MRRILYZHVIM
375,PUOFRVSYEQE,DD54002,1438,IXTDMCXNNYM
376,FHGQXVVGJUE,DD62827,3226,GJKJDXKKYQM
377,MSQRDFGMQDE,DD04282,4077,SLHRIVLSPXM
378,XHMOMBLZUHE,DD68199,4178,ULOORZCXOTM
379,EYUSXCQZRKE,DD07753,2337,NWNSALIYVAM
380,IXUGYLTRQIE,DD97932,2460,GABKKCQKSHM
381,BAUFZXSYSGE,DD05044,1243,EIPHSLZBHZM
382,BXQDPYARFEE,DD23955,3987,TLVCKEDISYM
383,MULUHONZSHE,DD69918,4531,ESIPBDQRGYM
384,ITJOINZPFTE,DD35647,1884,JHNZRHTXLQM
385,CXGJNAHMBBE,DD04634,3762,FGJVUKOOHNM
386,INMPJIBZHLE,DD64908,3244,QLOCETVTZAM
387,PNIXUEFJJGE,DD21202,1396,JWKXQNUQKWM
388,FCTRRUCIRVE,DD29944,1245,KNMVCYLFZQM
389,PMCBEHWLVGE,DD99552,3658,UKYUGHHRHCM
390,YLMIXUZALQE,DD45008,1770,XFNBJYIXMIM
391,AFVBMKVPVDE,DD69952,3500,QLOCETVTZAM
392,YWHSFYAFCAE,DD04096,2119,UKWXZTTPYNM
393,ANJYRALTPTE,DD25903,2528,IUNJIIMCZDM
394,MTLCZQMGTJE,DD88367,3715,EQTDUOXQFCM
395,LDZECTYVPUE,DD10304,2784,QHSKNTFYACM
396,AJSTESKKDTE,DD01302,2089,SVZNBIFFUQM
397,SYAAWWBWGAE,DD03669,2957,OAQRDRRMRCM
398,JRSYUXGPOPE,DD60631,4274,WEHRPRABIZM
399,BRMSHHBVVJE,DD07634,4808,IUNJIIMCZDM
400,SSTFESFQPNE,DD46843,3594,LRFSLITBANM
401,KMRTSPIJPKE,DD23513,4467,GZGKHZBFHAM
402,EZPMMWHNZGE,DD70331,3909,QOGYWIDTXUM
403,BPBPVDKEPNE,DD51549,3918,TEQYBYANQHM
404,HYHKEQTMHDE,DD93665,4160,CAFIDTXJRRM
405,VFTVTLGRMBE,DD47681,3193,HXJLMPNWWHM
406,VDCMHMYRGLE,DD80430,2647,SHRWNVYVTFM
407,KQIVNEPLZIE,DD82502,4617,HDHNBQQJMFM
408,FQRYFEUVXYE,DD47317,2039,LTWWPTJMOEM
409,LZLDRWOKFSE,DD13760,3847,XYICSTSFKNM
410,NMVEWMIZVZE,DD17042,1146,CAQQRATKZEM
411,JFDCWZUWIAE,DD44919,4156,ZITKUHEZNLM
412,RECHWWPRKPE,DD76496,1625,OIPUOQRVZQM
413,VCKWBAXVMBE,DD76566,2770,TORWKWSGGNM
414,AQYFNEWDHRE,DD49180,1048,GKGPEMMGAIM
415,GLROQUAXEJE,DD44833,3292,EZXDGPVYDYM
416,OPOFRHMETNE,DD96499,2944,DQJXGEGJKMM
417,JRSYUXGPOPE,DD60631,1688,WEHRPRABIZM
418,GFMTGBULBME,DD03442,3981,BFVORJBMSXM
419,LBDWRGFOBHE,DD61610,1853,LMYLPQXECCM
420,LOEXAKDIOOE,DD94691,3871,SWLENZIZEWM
421,GLFHTIVEOZE,DD18498,3272,ESIPBDQRGYM
422,KEJGNGSCEUE,DD70390,2829,JJPCKXVUBMM
423,EGAYZUBTQCE,DD38295,4484,OAQRDRRMRCM
424,KMRTSPIJPKE,DD23513,4447,GZGKHZBFHAM
425,DTMYVYMVWNE,DD93467,4978,EUOIPGLBDQM
426,URRXRKCCWDE,DD05336,2625,TUKIPQQATUM
427,USRSURUXBHE,DD02718,2925,SZYKZZWOUEM
428,VCKWBAXVMBE,DD76566,4787,TORWKWSGGNM
429,UKHTQJBAMJE,DD23558,3079,FXLRYABLPMM
430,CRYYHKHOFTE,DD55321,3235,IDAHFMTFBNM
431,WCSCHSNXETE,DD24532,2486,FXLRYABLPMM
432,IIUOZCFZRTE,DD70354,1106,HJVTIAFWGHM
433,BAUFZXSYSGE,DD05044,3222,EIPHSLZBHZM
434,IGGWWVYAJTE,DD46257,2594,TGKESFWGHIM
435,FXECWCZJECE,DD95028,1895,MVYRQNUCFKM
436,EQNCWNREDPE,DD80167,4990,OESKPZFXEEM
437,IIUOZCFZRTE,DD70354,3014,HJVTIAFWGHM
438,NCTQBGVHENE,DD26291,3910,OQAUQVQHOIM
439,AQYFNEWDHRE,DD49180,1881,GKGPEMMGAIM
440,UFUCQVETWPE,DD41304,2695,XYSCDSLCQMM
441,ZGGZKOMTKFE,DD91113,3459,GDOEJWKVJTM
442,FFAUJXOKYFE,DD34712,3649,ZKUTZKTSDEM
443,VSCIBITGYDE,DD86084,1493,SGNOVZYNHRM
444,JEQNXBTBACE,DD03540,2365,EQOHYWLOQUM
445,FKLBAPGAFRE,DD93427,4260,PYETMXQBPBM
446,PHKSKPXAJXE,DD35011,4965,RLQLFLYPADM
447,EEXVRAQLGPE,DD69626,1415,XLTRQFKYPBM
448,TUCUCBEZPBE,DD34857,3045,RQFAHXZJPQM
449,HUDSULRVYJE,DD09265,3961,KHOZWAUHBRM
450,LFDGNLZIIJE,DD14592,3040,SBWWOLOGRRM
451,VRIXOUAPUBE,DD16590,1153,OJGBFDIAYXM
452,RRPQTTBRVBE,DD44339,3341,IYHLXLNAHIM
453,VZXIEFGJBBE,DD04207,4083,NBKLQFAQSIM
454,JMCWWVFXVTE,DD93801,4671,EETBNZSUKAM
455,FWISILXFEWE,DD64714,3139,HXJLMPNWWHM
456,NKCPAJRQTAE,DD36585,2633,DJJAKFWJAAM
457,KDCEYSOTJJE,DD18587,1877,BNRHULVDSJM
458,JAYTBMXTBLE,DD95406,2877,DWAMEMUNWQM
459,OMBMRFTJWXE,DD89613,3212,QOGYWIDTXUM
460,EFCQLBRAYHE,DD76343,2963,UBBJKJHRVWM
461,VCKWBAXVMBE,DD76566,1617,TORWKWSGGNM
462,KQIVNEPLZIE,DD82502,4848,HDHNBQQJMFM
463,EFCQLBRAYHE,DD76343,3357,UBBJKJHRVWM
464,FZXBWSRSXME,DD60053,3348,QQWPYQNAOWM
465,SUAZURPYLAE,DD36971,4352,XOVDJIMQLZM
466,QJHKEOQLMWE,DD40128,4560,QBNIIFFFDSM
467,JRSYUXGPOPE,DD60631,4426,WEHRPRABIZM
468,UEVYFTBSMPE,DD94578,2988,NAXDWQCABDM
469,NJWQUQMOOOE,DD03526,3350,MRRILYZHVIM
470,DAIZCVNBEIE,DD66955,4764,HXJLMPNWWHM
471,URKKIXSSPPE,DD98735,4833,NKMOKCMFNQM
472,DRGWFGXOTGE,DD21216,4324,NHPRQSZKTYM
473,GCIARXMGGLE,DD77395,1966,CAFIDTXJRRM
474,TMECUOKIPTE,DD82063,2317,VAZGHWNRFPM
475,DNTHVLTZGJE,DD99110,4234,XOVDJIMQLZM
476,EZPMMWHNZGE,DD70331,4755,QOGYWIDTXUM
477,PMCBEHWLVGE,DD99552,3875,UKYUGHHRHCM
478,RHUJBFDVTVE,DD14174,2999,CAQQRATKZEM
479,IDKGLEMGPQE,DD37196,1277,ZITKUHEZNLM
480,EOQVLQDMBRE,DD03299,1533,MVYRQNUCFKM
481,VDEBEFIXTBE,DD81259,3266,EIPHSLZBHZM
482,XVGTJRTRHVE,DD97933,3301,QQWPYQNAOWM
483,VDCMHMYRGLE,DD80430,1583,SHRWNVYVTFM
484,FSZYJMWABLE,DD47177,1883,EETBNZSUKAM
485,NXCRKZUHEWE,DD87520,3615,IDAHFMTFBNM
486,KDCEYSOTJJE,DD18587,2312,BNRHULVDSJM
487,XVGTJRTRHVE,DD97933,2704,QQWPYQNAOWM
488,VIDYXGAGZHE,DD36321,1727,UJSNCAQLPXM
489,HVPGZHIXUPE,DD01013,1689,QQNLKEGDOQM
490,PFJGXVAOFBE,DD16484,1695,JKTBQMRJIHM
491,UZEVLUQNULE,DD15770,2401,FDSILEXEAAM
492,TVMWMWRRUDE,DD59325,3125,NSDQWYGOBSM
493,GCIARXMGGLE,DD77395,3245,CAFIDTXJRRM
494,VENVITYJYJE,DD68375,1608,LTLRYSLAPBM
495,LZLDRWOKFSE,DD13760,2391,XYICSTSFKNM
496,XSHLWXQUNFE,DD87378,2852,JNPGZFKVCKM
497,JMCWWVFXVTE,DD93801,3865,EETBNZSUKAM
498,PYKQNPQIIZE,DD12978,3993,QHEOCNZBLGM
499,VGWPXJJILKE,DD78932,1006,IYHLXLNAHIM
500,KLSFJNMYCSE,DD24593,1092,IVTTGLIUCQM
501,CXGJNAHMBBE,DD04634,1103,FGJVUKOOHNM
502,IKPECCDECKE,DD19895,3044,MRRILYZHVIM
503,YQQLEJUIEBE,DD61830,2785,LNMNVSIGHPM
504,PQZKLSMEVTE,DD72094,4508,UKWXZTTPYNM
505,YYZIGFHKABE,DD76900,3181,JFYQTAPBDPM
506,DZCKGWVJPGE,DD51232,2478,WXSQTKROJFM
507,FGAUJGXAMRE,DD24548,4918,RLQLFLYPADM
508,URRXRKCCWDE,DD05336,1246,TUKIPQQATUM
509,TXHPICDMUBE,DD64991,1218,GKGPEMMGAIM
510,UNHLMMVSVSE,DD07074,4183,SHRWNVYVTFM
511,TYTNEHZCUDE,DD81416,3499,MRRILYZHVIM
512,OMCDWVQAZXE,DD56457,2684,UKWXZTTPYNM
513,INVOSKJGZWE,DD94092,1322,KDBDZOGARVM
514,VCKWBAXVMBE,DD76566,3182,TORWKWSGGNM
515,CWYRDGPJCHE,DD47032,4249,BOKNGLJBJVM
516,AJSTESKKDTE,DD01302,1844,SVZNBIFFUQM
517,JRXRAQEXPEE,DD13746,2409,ISWBDOWEMBM
518,DPGGLPCTOOE,DD72896,1875,RIASRABRRZM
519,GCIARXMGGLE,DD77395,4439,CAFIDTXJRRM
520,LZLDRWOKFSE,DD13760,3048,XYICSTSFKNM
521,IKPECCDECKE,DD19895,3670,MRRILYZHVIM
522,SGGOEHFXTFE,DD75869,3364,EICPGWREDIM
523,EZKOQMFSIOE,DD53413,1338,BNRHULVDSJM
524,XSHLWXQUNFE,DD87378,3465,JNPGZFKVCKM
525,FDARBBLTTJE,DD73464,4279,GNMGJIRBNJM
526,DBLWWNFBZSE,DD13184,1257,RAVCHBRLYVM
527,CRYYHKHOFTE,DD55321,2713,IDAHFMTFBNM
528,MSLNVSXSFFE,DD24588,2666,ESIPBDQRGYM
529,IMOPVHRVPCE,DD25830,4044,MRRILYZHVIM
530,XVGTJRTRHVE,DD97933,3801,QQWPYQNAOWM
531,ITJOINZPFTE,DD35647,2415,JHNZRHTXLQM
532,TQWZHOWAINE,DD40397,3763,HTNCCAFJIYM
533,MEWCLWKFTAE,DD29288,2596,GZGKHZBFHAM
534,RAJPEIBBSEE,DD61738,1679,SCQCQYHVLMM
535,CUSSRMZZDNE,DD37686,2725,ULOORZCXOTM
536,EPBCNTZFJYE,DD88442,3855,HRHGHMPUGAM
537,QJHKEOQLMWE,DD40128,1154,QBNIIFFFDSM
538,DPQLTUETVWE,DD97854,2833,QQWPYQNAOWM
539,UIYBOBBXDME,DD60118,1729,UBBJKJHRVWM
540,USRSURUXBHE,DD02718,4712,SZYKZZWOUEM
541,JPISDGXEFVE,DD33351,1337,UXPXLTTPDOM
542,VDEBEFIXTBE,DD81259,3294,EIPHSLZBHZM
543,BPBPVDKEPNE,DD51549,4588,TEQYBYANQHM
544,NDUIGUUCFOE,DD08955,2396,ZJTALSBYPAM
545,TQKJTMMVBEE,DD43051,4051,EQTDUOXQFCM
546,RIISYISFUOE,DD23688,2207,TJUSAKEVAOM
547,EQNCWNREDPE,DD80167,3439,OESKPZFXEEM
548,GCIARXMGGLE,DD77395,2265,CAFIDTXJRRM
549,RRLUMSXMATE,DD51487,4526,EETBNZSUKAM
550,OXEIBBCFWDE,DD48396,3349,NFSIULTSKPM
551,JPISDGXEFVE,DD33351,2872,UXPXLTTPDOM
552,DQRBZULTAYE,DD07244,1041,HWMMFBGBDUM
553,RECHWWPRKPE,DD76496,4125,OIPUOQRVZQM
554,BLBSDXEGPTE,DD15536,3094,NAXDWQCABDM
555,PFHCPSOQTZE,DD76152,2438,TEQYBYANQHM
556,HZVFHHVVQAE,DD25871,3204,NKMOKCMFNQM
557,ANJYRALTPTE,DD25903,3564,IUNJIIMCZDM
558,LBDWRGFOBHE,DD61610,1432,LMYLPQXECCM
559,OWVKZCXZQLE,DD70473,4413,BITZUPQCHSM
560,UFUCQVETWPE,DD41304,2608,XYSCDSLCQMM
561,HZKJHLADVRE,DD38218,3873,KZUQQZTVMOM
562,KDCEYSOTJJE,DD18587,3962,BNRHULVDSJM
563,CSGUNCCACBE,DD92627,4880,VWUNMQIGINM
564,ANJYRALTPTE,DD25903,2442,IUNJIIMCZDM
565,GGPQFANAIYE,DD18991,2123,SYAEZLOKJUM
566,ITJOINZPFTE,DD35647,1380,JHNZRHTXLQM
567,LNZENPJBTPE,DD18739,3869,LWFCQBQIJAM
568,KAQDOYBAUIE,DD59408,1850,UXPXLTTPDOM
569,ZWPBQWIDERE,DD13107,4947,QPJPZVJNEKM
570,OMCDWVQAZXE,DD56457,3259,UKWXZTTPYNM
571,HRFIBJRFWPE,DD23951,3253,TERIDRBTYOM
572,GQDEHWYHFVE,DD56077,2153,JFYQTAPBDPM
573,XGVWMPWSOAE,DD99768,3437,PJBYLUFOVOM
574,FRLLWMKLZUE,DD36638,3442,EQOHYWLOQUM
575,KMNPJKKHYAE,DD45197,4893,IXTDMCXNNYM
576,JGTWHDSDHEE,DD11500,2241,SZYKZZWOUEM
577,GQDEHWYHFVE,DD56077,2855,JFYQTAPBDPM
578,JFRQKMAGQVE,DD95825,3395,WEHRPRABIZM
579,VCKWBAXVMBE,DD76566,2025,TORWKWSGGNM
580,NMTIJWOSEOE,DD40041,2305,JNPGZFKVCKM
581,LOEXAKDIOOE,DD94691,4975,SWLENZIZEWM
582,VDCMHMYRGLE,DD80430,3449,SHRWNVYVTFM
583,MQYCFOJZROE,DD32398,4031,OJGBFDIAYXM
584,PCPVOXHVSAE,DD34750,1418,UBUANRRIDSM
585,YYZIGFHKABE,DD76900,4708,JFYQTAPBDPM
586,VFKVXFPPHXE,DD43563,1507,FXLRYABLPMM
587,SGGOEHFXTFE,DD75869,2369,EICPGWREDIM
588,DUYQNSGUTHE,DD48274,4828,NBKLQFAQSIM
589,QVRDMXAFVGE,DD61445,1237,QHEOCNZBLGM
590,MLQPLVLXZLE,DD13074,2840,LTWWPTJMOEM
591,MEWCLWKFTAE,DD29288,3683,GZGKHZBFHAM
592,CLXXNYHDBZE,DD18160,3867,RJFIDNWFVTM
593,YLMIXUZALQE,DD45008,4639,XFNBJYIXMIM
594,LZLDRWOKFSE,DD13760,1519,XYICSTSFKNM
595,DAFWACHPKFE,DD65829,3089,NHPRQSZKTYM
596,YCLLUUHTHYE,DD27533,1013,ESIPBDQRGYM
597,PXSLZCZJGPE,DD99048,1800,EQTDUOXQFCM
598,DZCKGWVJPGE,DD51232,3043,WXSQTKROJFM
599,FROYPJOAKKE,DD14816,4011,GBFIUZLYEVM
600,FQRYFEUVXYE,DD47317,3309,LTWWPTJMOEM
601,VEXOQPCVRYE,DD00901,2372,IVTTGLIUCQM
602,IFWKTCZEWBE,DD14440,2809,SWLENZIZEWM
603,ZBBDLLZPIPE,DD51669,3185,RLQLFLYPADM
604,EZPMMWHNZGE,DD70331,4703,QOGYWIDTXUM
605,MDAHCOWZGFE,DD49827,3474,XJUEOOMLZNM
606,QJHKEOQLMWE,DD40128,4213,QBNIIFFFDSM
607,VFTVTLGRMBE,DD47681,3687,HXJLMPNWWHM
608,HSDZTJBUZRE,DD63262,1652,ARCDYPRJLMM
609,VZDMXKDEPXE,DD16928,1780,GBFIUZLYEVM
610,NDUIGUUCFOE,DD08955,4154,ZJTALSBYPAM
611,HBLTWVBCGME,DD48733,4899,LRFSLITBANM
612,EZPMMWHNZGE,DD70331,1601,QOGYWIDTXUM
613,JRSYUXGPOPE,DD60631,1478,WEHRPRABIZM
614,WPSVUFHMQLE,DD69995,3404,VAZGHWNRFPM
615,FFAUJXOKYFE,DD34712,2889,ZKUTZKTSDEM
616,BIYZLEPEXHE,DD79051,2213,IYHLXLNAHIM
617,SPHSHBTYCHE,DD16942,1356,HRHGHMPUGAM
618,FQRYFEUVXYE,DD47317,3831,LTWWPTJMOEM
619,DPGGLPCTOOE,DD72896,3861,RIASRABRRZM
620,MPIRAIGUSAE,DD24748,2358,MVYRQNUCFKM
621,ZYMOIGWIIOE,DD04084,2381,BFVORJBMSXM
622,JXESBQRJEFE,DD45512,3705,QHEOCNZBLGM
623,ZWPBQWIDERE,DD13107,3187,QPJPZVJNEKM
624,UVDXFATUXTE,DD18059,3635,HRHGHMPUGAM
625,NMVEWMIZVZE,DD17042,3822,CAQQRATKZEM
626,FGAUJGXAMRE,DD24548,4754,RLQLFLYPADM
627,OWVKZCXZQLE,DD70473,2003,BITZUPQCHSM
628,VFKVXFPPHXE,DD43563,1801,FXLRYABLPMM
629,UKHTQJBAMJE,DD23558,3820,FXLRYABLPMM
630,PRBDJIMZNPE,DD79266,1874,EETBNZSUKAM
631,TYTNEHZCUDE,DD81416,3880,MRRILYZHVIM
632,RQGTOOKDXBE,DD72114,2099,MRRILYZHVIM
633,ZBBDLLZPIPE,DD51669,3952,RLQLFLYPADM
634,KJBDRFNPDPE,DD57457,1064,NHDJKFVARUM
635,UFUCQVETWPE,DD41304,2670,XYSCDSLCQMM
636,MPROCZKBAIE,DD58122,4014,JIPXMAOBVUM
637,GYYVJCBSQOE,DD23839,4855,RYIUSLZCGYM
638,HNLNGHTGXDE,DD86955,2205,SYAEZLOKJUM
639,EGAYZUBTQCE,DD38295,4238,OAQRDRRMRCM
640,XGVWMPWSOAE,DD99768,3419,PJBYLUFOVOM
641,DLTKSZQQIWE,DD59374,3859,WLJKAYLDYSM
642,JRSYUXGPOPE,DD60631,1371,WEHRPRABIZM
643,HSDZTJBUZRE,DD63262,2810,ARCDYPRJLMM
644,HCCNGKOPKJE,DD04595,2600,BCOUHNPMOZM
645,MQYCFOJZROE,DD32398,4021,OJGBFDIAYXM
646,GCIARXMGGLE,DD77395,1595,CAFIDTXJRRM
647,YCNXVGADRXE,DD70381,1135,ULOORZCXOTM
648,IIUOZCFZRTE,DD70354,2263,HJVTIAFWGHM
649,AZAZFNCCUSE,DD75676,3391,KDBDZOGARVM
650,NKCPAJRQTAE,DD36585,4412,DJJAKFWJAAM
651,BZHXFNAGXKE,DD61572,3168,XFBLGRKLVHM
652,USRSURUXBHE,DD02718,1239,SZYKZZWOUEM
653,NMTIJWOSEOE,DD40041,1383,JNPGZFKVCKM
654,VENVITYJYJE,DD68375,2432,LTLRYSLAPBM
655,BZHXFNAGXKE,DD61572,3178,XFBLGRKLVHM
656,NOKRDAFTAKE,DD93902,4008,NWNSALIYVAM
657,ROBYQBSFGHE,DD01881,4774,JIPXMAOBVUM
658,UZETOUIDEQE,DD44150,2459,SBWWOLOGRRM
659,RJEBOFNFBDE,DD93834,4482,QQWPYQNAOWM
660,UKHTQJBAMJE,DD23558,1037,FXLRYABLPMM
661,KFCCGRKWEDE,DD84240,2338,MBSWLUTPLKM
662,UFUCQVETWPE,DD41304,1452,XYSCDSLCQMM
663,PJECTOMHBYE,DD19430,4373,HXJLMPNWWHM
664,VGUJABQUNSE,DD08806,3217,ESCRDTGCYRM
665,CODNMXLYBDE,DD39924,2781,TLVCKEDISYM
666,NXCRKZUHEWE,DD87520,3898,IDAHFMTFBNM
667,GDHTMHLIMEE,DD60764,3789,XYSCDSLCQMM
668,FJWBNOFFAOE,DD93490,1138,NGRZZJGSPXM
669,GQKTKNTWDXE,DD52617,3966,EICPGWREDIM
670,BPHAKHHXQSE,DD26040,3041,SLWJCGKVXLM
671,WRQGGGUORRE,DD66005,2283,KZUQQZTVMOM
672,NAGAJFYOUQE,DD84401,1539,KNMVCYLFZQM
673,AZOTCCZHXIE,DD61939,1804,SYAEZLOKJUM
674,BPHAKHHXQSE,DD26040,1045,SLWJCGKVXLM
675,EZPMMWHNZGE,DD70331,4832,QOGYWIDTXUM
676,PYKQNPQIIZE,DD12978,3117,QHEOCNZBLGM
677,ADTIXHRGARE,DD93700,4441,EFJCSADIGRM
678,DERVQXXTWGE,DD78690,2282,DUQTCHBQCJM
679,HYHKEQTMHDE,DD93665,3355,CAFIDTXJRRM
680,KMNPJKKHYAE,DD45197,2147,IXTDMCXNNYM
681,RSXBXLVWQJE,DD15446,2657,ZITKUHEZNLM
682,AZOTCCZHXIE,DD61939,4512,SYAEZLOKJUM
683,HKPGWTLAHFE,DD96929,4472,BCOUHNPMOZM
684,QVRDMXAFVGE,DD61445,3650,QHEOCNZBLGM
685,EGAYZUBTQCE,DD38295,2762,OAQRDRRMRCM
686,HXXMNOJQJLE,DD82515,1225,ZITKUHEZNLM
687,ZDCDNRHTENE,DD00708,1425,DJJAKFWJAAM
688,NUFMBIJCFJE,DD60467,1992,GNMGJIRBNJM
689,JGTLYPVTKEE,DD72275,3485,JWKXQNUQKWM
690,EYNAGOJWZSE,DD52506,2816,XFBLGRKLVHM
691,ZXBZJTMNJSE,DD09513,2568,OQAUQVQHOIM
692,WDKXNVBRMRE,DD15222,1110,LANSSRWCWFM
693,HRFIBJRFWPE,DD23951,1294,TERIDRBTYOM
694,HBLTWVBCGME,DD48733,4881,LRFSLITBANM
695,LNOCYTQSRYE,DD15623,4265,PGVAQGRAVLM
696,KPHTJVWUQLE,DD84881,1327,BOKNGLJBJVM
697,URRXRKCCWDE,DD05336,1819,TUKIPQQATUM
698,LVZZFTGWHVE,DD84319,2356,HRHGHMPUGAM
699,JMCWWVFXVTE,DD93801,3130,EETBNZSUKAM
700,JGTWHDSDHEE,DD11500,3105,SZYKZZWOUEM
701,ZZCUMBLTOTE,DD33236,3170,JNPGZFKVCKM
702,UVDXFATUXTE,DD18059,4371,HRHGHMPUGAM
703,FEVTJRSXUQE,DD58728,1605,QQWPYQNAOWM
704,MULUHONZSHE,DD69918,4323,ESIPBDQRGYM
705,RRLUMSXMATE,DD51487,4364,EETBNZSUKAM
706,MEWCLWKFTAE,DD29288,4907,GZGKHZBFHAM
707,TMDXWSCUHSE,DD31050,1694,NWNSALIYVAM
708,ZDCDNRHTENE,DD00708,4074,DJJAKFWJAAM
709,LVZZFTGWHVE,DD84319,1306,HRHGHMPUGAM
710,JPISDGXEFVE,DD33351,3943,UXPXLTTPDOM
711,AZAZFNCCUSE,DD75676,1908,KDBDZOGARVM
712,EFRKIBEBZAE,DD46453,3666,SWLENZIZEWM
713,CODNMXLYBDE,DD39924,4547,TLVCKEDISYM
714,OWVKZCXZQLE,DD70473,1354,BITZUPQCHSM
715,VRBISIGIAIE,DD37953,3883,XLPLNWBKQXM
716,AFJDPDJXAKE,DD78157,2318,OAQRDRRMRCM
717,XXYMINJGVOE,DD02587,2517,TPBUKUKLWKM
718,XSHLWXQUNFE,DD87378,4571,JNPGZFKVCKM
719,VIDYXGAGZHE,DD36321,1053,UJSNCAQLPXM
720,QWWHLNHHYHE,DD25484,2845,RNOQZUVYQKM
721,TVMWMWRRUDE,DD59325,3725,NSDQWYGOBSM
722,AFVBMKVPVDE,DD69952,3582,QLOCETVTZAM
723,FFAUJXOKYFE,DD34712,2124,ZKUTZKTSDEM
724,FXECWCZJECE,DD95028,4836,MVYRQNUCFKM
725,OIAPDVBPLOE,DD21411,4046,GCQTJEBYFQM
726,URRXRKCCWDE,DD05336,1068,TUKIPQQATUM
727,VIDYXGAGZHE,DD36321,3628,UJSNCAQLPXM
728,EOQVLQDMBRE,DD03299,4519,MVYRQNUCFKM
729,JGTWHDSDHEE,DD11500,3777,SZYKZZWOUEM
730,SYAAWWBWGAE,DD03669,3946,OAQRDRRMRCM
731,AGLBLXAFHJE,DD14137,4112,TJUSAKEVAOM
732,BZRLZPDQKBE,DD81903,4342,SLWJCGKVXLM
733,PMCBEHWLVGE,DD99552,1885,UKYUGHHRHCM
734,MPROCZKBAIE,DD58122,1871,JIPXMAOBVUM
735,VIDYXGAGZHE,DD36321,3063,UJSNCAQLPXM
736,CTQJMPJBXTE,DD95005,3685,YWDUWYCDGJM
737,JOXXMUFCLIE,DD67923,1658,RAVCHBRLYVM
738,WMGWIDCYHFE,DD04435,4120,EICPGWREDIM
739,HLPZUNMODUE,DD98079,4409,EZXDGPVYDYM
740,IMOPVHRVPCE,DD25830,3843,MRRILYZHVIM
741,FSHSJQXCXEE,DD04854,4038,RNDYQTBSLDM
742,RIZPXFHJQVE,DD65302,2574,SZYKZZWOUEM
743,HNLNGHTGXDE,DD86955,4130,SYAEZLOKJUM
744,BZHXFNAGXKE,DD61572,3698,XFBLGRKLVHM
745,PNIXUEFJJGE,DD21202,3810,JWKXQNUQKWM
746,ZYMOIGWIIOE,DD04084,2610,BFVORJBMSXM
747,XIXNPKFBLTE,DD93756,3116,OGRZASKWKZM
748,QVRDMXAFVGE,DD61445,4733,QHEOCNZBLGM
749,VEVROWNHHAE,DD31921,4822,KLXKXXALYMM
750,KTXIUXFWMJE,DD67285,1459,EZXDGPVYDYM
751,EKIXYXZGKZE,DD43037,1192,JKOAMDHVCFM
752,TGCZDWNXIHE,DD87724,4898,RNOQZUVYQKM
753,EFPHYHSNKUE,DD50328,1178,PJBYLUFOVOM
754,TMECUOKIPTE,DD82063,4625,VAZGHWNRFPM
755,FJTPFRNDHME,DD80540,1502,QEMZDZCDXGM
756,AVUNPLGYGLE,DD31371,4079,GCQTJEBYFQM
757,AVUNPLGYGLE,DD31371,3864,GCQTJEBYFQM
758,VENVITYJYJE,DD68375,2820,LTLRYSLAPBM
759,UKHTQJBAMJE,DD23558,1409,FXLRYABLPMM
760,WPSVUFHMQLE,DD69995,1692,VAZGHWNRFPM
761,OXEIBBCFWDE,DD48396,3734,NFSIULTSKPM
762,KMRTSPIJPKE,DD23513,4201,GZGKHZBFHAM
763,YYZIGFHKABE,DD76900,1676,JFYQTAPBDPM
764,LFDGNLZIIJE,DD14592,2751,SBWWOLOGRRM
765,KMNPJKKHYAE,DD45197,1484,IXTDMCXNNYM
766,AFVBMKVPVDE,DD69952,2189,QLOCETVTZAM
767,YCNXVGADRXE,DD70381,1096,ULOORZCXOTM
768,PWTWEGMOLYE,DD71179,2125,NFSIULTSKPM
769,TVZJXMAZALE,DD52670,1556,FXLRYABLPMM
770,JGTWHDSDHEE,DD11500,4016,SZYKZZWOUEM
771,JOJKHJFDJHE,DD86012,4036,KHOZWAUHBRM
772,KLSFJNMYCSE,DD24593,1293,IVTTGLIUCQM
773,GOVGKQTPTWE,DD87349,3160,PGVAQGRAVLM
774,ZDCDNRHTENE,DD00708,3850,DJJAKFWJAAM
775,KMNPJKKHYAE,DD45197,3436,IXTDMCXNNYM
776,KQDISKXQHGE,DD45355,3929,BCOUHNPMOZM
777,CWYRDGPJCHE,DD47032,3323,BOKNGLJBJVM
778,IIUOZCFZRTE,DD70354,4262,HJVTIAFWGHM
779,CRYYHKHOFTE,DD55321,1785,IDAHFMTFBNM
780,ZGGZKOMTKFE,DD91113,3155,GDOEJWKVJTM
781,TKKVPMQFTUE,DD22757,1032,ZXYXYWMXHGM
782,HUDSULRVYJE,DD09265,3311,KHOZWAUHBRM
783,AZAZFNCCUSE,DD75676,3118,KDBDZOGARVM
784,HUDSULRVYJE,DD09265,3537,KHOZWAUHBRM
785,VRIXOUAPUBE,DD16590,4182,OJGBFDIAYXM
786,IMOPVHRVPCE,DD25830,4142,MRRILYZHVIM
787,HPUYBEJHOUE,DD16790,2524,KNMVCYLFZQM
788,YVUQQQXBLDE,DD23670,4397,ZJTALSBYPAM
789,NMTIJWOSEOE,DD40041,2768,JNPGZFKVCKM
790,BLMFROGCNOE,DD74311,4875,QHSKNTFYACM
791,OXEIBBCFWDE,DD48396,4387,NFSIULTSKPM
792,JEQNXBTBACE,DD03540,3006,EQOHYWLOQUM
793,JFRQKMAGQVE,DD95825,2702,WEHRPRABIZM
794,WXVYQOMBIQE,DD93214,2744,GBFIUZLYEVM
795,SARAJULDOGE,DD41377,4150,JJPCKXVUBMM
796,WJXOXJHSECE,DD90730,1488,SLHRIVLSPXM
797,SYAAWWBWGAE,DD03669,4549,OAQRDRRMRCM
798,PFHCPSOQTZE,DD76152,4905,TEQYBYANQHM
799,UFUCQVETWPE,DD41304,2052,XYSCDSLCQMM
800,NRFQDDHQZRE,DD25325,1582,XYICSTSFKNM
801,NKCPAJRQTAE,DD36585,2987,DJJAKFWJAAM
802,LFDGNLZIIJE,DD14592,2660,SBWWOLOGRRM
803,UKHTQJBAMJE,DD23558,4004,FXLRYABLPMM
804,EFPHYHSNKUE,DD50328,1802,PJBYLUFOVOM
805,QYTONOFUKQE,DD28371,3076,CPTRQJIIAMM
806,ADTIXHRGARE,DD93700,1348,EFJCSADIGRM
807,LNZENPJBTPE,DD18739,3638,LWFCQBQIJAM
808,DAIZCVNBEIE,DD66955,2896,HXJLMPNWWHM
809,UDTJOTBHGTE,DD11339,4429,NHDJKFVARUM
810,HNLNGHTGXDE,DD86955,3501,SYAEZLOKJUM
811,OAWHTTEQALE,DD60543,4493,NHPRQSZKTYM
812,RECHWWPRKPE,DD76496,3495,OIPUOQRVZQM
813,KQDISKXQHGE,DD45355,4889,BCOUHNPMOZM
814,SARAJULDOGE,DD41377,1197,JJPCKXVUBMM
815,QUNJFOCWTRE,DD04765,4683,BCOUHNPMOZM
816,GOVGKQTPTWE,DD87349,1284,PGVAQGRAVLM
817,CODNMXLYBDE,DD39924,4908,TLVCKEDISYM
818,PCPVOXHVSAE,DD34750,1726,UBUANRRIDSM
819,GQKTKNTWDXE,DD52617,4767,EICPGWREDIM
820,CSGUNCCACBE,DD92627,2636,VWUNMQIGINM
821,URXEKIXIEGE,DD97208,3627,VWUNMQIGINM
822,OPOFRHMETNE,DD96499,4596,DQJXGEGJKMM
823,OXCLNVNELWE,DD73832,3252,XJUEOOMLZNM
824,ZYMRIYTDMTE,DD73099,4494,JKOAMDHVCFM
825,BQCYPUBTRLE,DD95722,3072,WXSQTKROJFM
826,MEWCLWKFTAE,DD29288,3300,GZGKHZBFHAM
827,TEGEUKCGOWE,DD04366,3358,YGVJEQWWYYM
828,ZIZVGYHBWQE,DD34869,4752,GJKJDXKKYQM
829,VIDYXGAGZHE,DD36321,3742,UJSNCAQLPXM
830,NMVEWMIZVZE,DD17042,3284,CAQQRATKZEM
831,PCPVOXHVSAE,DD34750,3598,UBUANRRIDSM
832,WEUCLZFJBAE,DD74917,4188,HRHGHMPUGAM
833,RCMZNBLALZE,DD30421,4725,DJJAKFWJAAM
834,GLROQUAXEJE,DD44833,4216,EZXDGPVYDYM
835,GOVGKQTPTWE,DD87349,3554,PGVAQGRAVLM
836,TKKVPMQFTUE,DD22757,4159,ZXYXYWMXHGM
837,FSZYJMWABLE,DD47177,1553,EETBNZSUKAM
838,JFRQKMAGQVE,DD95825,2554,WEHRPRABIZM
839,EFRKIBEBZAE,DD46453,1052,SWLENZIZEWM
840,NAWAMTRSHFE,DD35354,1128,JIPXMAOBVUM
841,RHUJBFDVTVE,DD14174,3333,CAQQRATKZEM
842,ZANEVJRCFUE,DD66113,1296,QPJPZVJNEKM
843,JKCAPIVYXBE,DD73721,1712,OAQRDRRMRCM
844,VEVROWNHHAE,DD31921,1724,KLXKXXALYMM
845,DZCKGWVJPGE,DD51232,3158,WXSQTKROJFM
846,SEHFHPGQTCE,DD72953,4244,FOFVQAWXUYM
847,TVZJXMAZALE,DD52670,4223,FXLRYABLPMM
848,RNNZTGXPLLE,DD84820,4473,MVYRQNUCFKM
849,RRLUMSXMATE,DD51487,4936,EETBNZSUKAM
850,GDRRFEQKQZE,DD23294,3411,ZKUTZKTSDEM
851,NMVEWMIZVZE,DD17042,4532,CAQQRATKZEM
852,GYYVJCBSQOE,DD23839,4047,RYIUSLZCGYM
853,YVUQQQXBLDE,DD23670,2563,ZJTALSBYPAM
854,DRGWFGXOTGE,DD21216,3990,NHPRQSZKTYM
855,GLROQUAXEJE,DD44833,3486,EZXDGPVYDYM
856,JGTLYPVTKEE,DD72275,2964,JWKXQNUQKWM
857,GFMTGBULBME,DD03442,3996,BFVORJBMSXM
858,GDRRFEQKQZE,DD23294,3947,ZKUTZKTSDEM
859,ITJOINZPFTE,DD35647,3596,JHNZRHTXLQM
860,JAGVQBDOEME,DD40303,1612,TJUSAKEVAOM
861,BLBSDXEGPTE,DD15536,2994,NAXDWQCABDM
862,YLMIXUZALQE,DD45008,1613,XFNBJYIXMIM
863,TKNMNANQXJE,DD91464,4410,PYETMXQBPBM
864,TMDXWSCUHSE,DD31050,2306,NWNSALIYVAM
865,FKLBAPGAFRE,DD93427,3833,PYETMXQBPBM
866,LSIKJLLUSQE,DD09539,1736,OQAUQVQHOIM
867,GQDEHWYHFVE,DD56077,3648,JFYQTAPBDPM
868,HXXMNOJQJLE,DD82515,4730,ZITKUHEZNLM
869,MXMKYNVEGBE,DD70564,4126,OQAUQVQHOIM
870,VDCMRGMUILE,DD52962,2135,QQNLKEGDOQM
871,CWYRDGPJCHE,DD47032,3798,BOKNGLJBJVM
872,NPSDFNSGUNE,DD36823,4748,LNMNVSIGHPM
873,IIUOZCFZRTE,DD70354,2811,HJVTIAFWGHM
874,AFJDPDJXAKE,DD78157,3410,OAQRDRRMRCM
875,GJHAMQGYNAE,DD20939,1907,FZTFLBCNZGM
876,GQVIZIIZWSE,DD57994,3547,GDOEJWKVJTM
877,PRBDJIMZNPE,DD79266,2325,EETBNZSUKAM
878,ZHMGATOAPZE,DD02811,2879,GNMGJIRBNJM
879,MPROCZKBAIE,DD58122,2721,JIPXMAOBVUM
880,NOKRDAFTAKE,DD93902,2168,NWNSALIYVAM
881,GJHAMQGYNAE,DD20939,4727,FZTFLBCNZGM
882,BWLZZDMJOBE,DD91989,1367,EQTDUOXQFCM
883,GQDEHWYHFVE,DD56077,1791,JFYQTAPBDPM
884,LFDGNLZIIJE,DD14592,1176,SBWWOLOGRRM
885,VXBULBSQPAE,DD97777,2982,FZTFLBCNZGM
886,UEVYFTBSMPE,DD94578,1543,NAXDWQCABDM
887,MPIRAIGUSAE,DD24748,1462,MVYRQNUCFKM
888,KFCCGRKWEDE,DD84240,4141,MBSWLUTPLKM
889,RAJPEIBBSEE,DD61738,4049,SCQCQYHVLMM
890,PUOFRVSYEQE,DD54002,1051,IXTDMCXNNYM
891,SSTFESFQPNE,DD46843,2000,LRFSLITBANM
892,SARAJULDOGE,DD41377,3140,JJPCKXVUBMM
893,VFKVXFPPHXE,DD43563,4164,FXLRYABLPMM
894,EGAYZUBTQCE,DD38295,1040,OAQRDRRMRCM
895,HOUZHEZDRUE,DD63412,1175,LNMNVSIGHPM
896,JOJKHJFDJHE,DD86012,3600,KHOZWAUHBRM
897,XHMOMBLZUHE,DD68199,2780,ULOORZCXOTM
898,ITJOINZPFTE,DD35647,4576,JHNZRHTXLQM
899,YVUQQQXBLDE,DD23670,4060,ZJTALSBYPAM
900,SUAZURPYLAE,DD36971,2333,XOVDJIMQLZM
901,EZPMMWHNZGE,DD70331,1077,QOGYWIDTXUM
902,FGAUJGXAMRE,DD24548,2512,RLQLFLYPADM
903,PRBDJIMZNPE,DD79266,4834,EETBNZSUKAM
904,LZLDRWOKFSE,DD13760,3788,XYICSTSFKNM
905,TWWBGPCWQDE,DD94563,1278,DJJAKFWJAAM
906,JFDCWZUWIAE,DD44919,1465,ZITKUHEZNLM
907,MBCQECBTAZE,DD27880,1461,IYHLXLNAHIM
908,NRFQDDHQZRE,DD25325,1624,XYICSTSFKNM
909,QZYNQHZACZE,DD83996,1544,IDAHFMTFBNM
910,RIZPXFHJQVE,DD65302,2752,SZYKZZWOUEM
911,NFEWKWFDOKE,DD72036,1271,PQKDQFAGVMM
912,JRSYUXGPOPE,DD60631,2654,WEHRPRABIZM
913,RQGTOOKDXBE,DD72114,2571,MRRILYZHVIM
914,QNHROKOEUFE,DD54143,2619,GKGPEMMGAIM
915,VEXOQPCVRYE,DD00901,4418,IVTTGLIUCQM
916,MTLCZQMGTJE,DD88367,3191,EQTDUOXQFCM
917,TVIXMLFAGWE,DD39359,2349,VKWRFOAHUPM
918,XIDFMXFRCVE,DD02211,3842,VSSJSCOXPNM
919,HOUZHEZDRUE,DD63412,1893,LNMNVSIGHPM
920,ROLWZIMOEHE,DD95145,2449,ZKUTZKTSDEM
921,GLFHTIVEOZE,DD18498,4353,ESIPBDQRGYM
922,MULUHONZSHE,DD69918,1492,ESIPBDQRGYM
923,ZYMRIYTDMTE,DD73099,1134,JKOAMDHVCFM
924,PHKSKPXAJXE,DD35011,2901,RLQLFLYPADM
925,ZAEPUKPWCWE,DD41568,3602,FDSILEXEAAM
926,LZLDRWOKFSE,DD13760,1095,XYICSTSFKNM
927,VRIXOUAPUBE,DD16590,4488,OJGBFDIAYXM
928,LDAFFLQDQBE,DD52904,3751,QPRBHZCHGEM
929,GXQDWEBITSE,DD40360,3778,CAQQRATKZEM
930,DRGWFGXOTGE,DD21216,3854,NHPRQSZKTYM
931,JOJKHJFDJHE,DD86012,2035,KHOZWAUHBRM
932,GDRRFEQKQZE,DD23294,3927,ZKUTZKTSDEM
933,YVUQQQXBLDE,DD23670,2224,ZJTALSBYPAM
934,KTXIUXFWMJE,DD67285,1194,EZXDGPVYDYM
935,GDHTMHLIMEE,DD60764,1951,XYSCDSLCQMM
936,QZYNQHZACZE,DD83996,4891,IDAHFMTFBNM
937,GDHTMHLIMEE,DD60764,3752,XYSCDSLCQMM
938,MPIRAIGUSAE,DD24748,4296,MVYRQNUCFKM
939,HLPZUNMODUE,DD98079,3306,EZXDGPVYDYM
940,OPOFRHMETNE,DD96499,3421,DQJXGEGJKMM
941,YTZGJXRETWE,DD62717,3463,EIPHSLZBHZM
942,DZCKGWVJPGE,DD51232,2831,WXSQTKROJFM
943,TKKVPMQFTUE,DD22757,3739,ZXYXYWMXHGM
944,VXBULBSQPAE,DD97777,1043,FZTFLBCNZGM
945,TKKVPMQFTUE,DD22757,4438,ZXYXYWMXHGM
946,BYJYTVSBQHE,DD41503,2121,ITQTGMPDIKM
947,EZKOQMFSIOE,DD53413,3402,BNRHULVDSJM
948,NPSDFNSGUNE,DD36823,4301,LNMNVSIGHPM
949,FDARBBLTTJE,DD73464,4269,GNMGJIRBNJM
950,QZYNQHZACZE,DD83996,2748,IDAHFMTFBNM
951,GAKALDJSDLE,DD78679,4513,LMYLPQXECCM
952,WCSCHSNXETE,DD24532,2926,FXLRYABLPMM
953,VIDYXGAGZHE,DD36321,3159,UJSNCAQLPXM
954,GDRRFEQKQZE,DD23294,1179,ZKUTZKTSDEM
955,URRXRKCCWDE,DD05336,3692,TUKIPQQATUM
956,NEFNBDXPMWE,DD11121,3095,UBUANRRIDSM
957,QYTONOFUKQE,DD28371,4110,CPTRQJIIAMM
958,TWWBGPCWQDE,DD94563,1061,DJJAKFWJAAM
959,SGGOEHFXTFE,DD75869,3525,EICPGWREDIM
960,RQGTOOKDXBE,DD72114,2496,MRRILYZHVIM
961,VXFVHLWNMFE,DD16090,3149,EETBNZSUKAM
962,LOEXAKDIOOE,DD94691,1642,SWLENZIZEWM
963,SGDDZCNAINE,DD67437,2272,UXPXLTTPDOM
964,KBLVUGZAADE,DD78048,1808,ISWBDOWEMBM
965,PYKQNPQIIZE,DD12978,4107,QHEOCNZBLGM
966,QZQJAFYXPPE,DD02445,1573,NSDQWYGOBSM
967,VENVITYJYJE,DD68375,3957,LTLRYSLAPBM
968,IGGWWVYAJTE,DD46257,3544,TGKESFWGHIM
969,TVZJXMAZALE,DD52670,2696,FXLRYABLPMM
970,DBLWWNFBZSE,DD13184,2053,RAVCHBRLYVM
971,BRMSHHBVVJE,DD07634,1035,IUNJIIMCZDM
972,SARAJULDOGE,DD41377,2638,JJPCKXVUBMM
973,VSCIBITGYDE,DD86084,4299,SGNOVZYNHRM
974,HJDRQSZXYIE,DD64854,4751,LANSSRWCWFM
975,IIUOZCFZRTE,DD70354,1939,HJVTIAFWGHM
976,HJIMMUYCKNE,DD27795,4229,JHNZRHTXLQM
977,OFNUWMNOSBE,DD77803,4226,RLQLFLYPADM
978,VEVROWNHHAE,DD31921,1681,KLXKXXALYMM
979,SARAJULDOGE,DD41377,3440,JJPCKXVUBMM
980,JGTWHDSDHEE,DD11500,4061,SZYKZZWOUEM
981,HJIMMUYCKNE,DD27795,1568,JHNZRHTXLQM
982,BIYZLEPEXHE,DD79051,4018,IYHLXLNAHIM
983,TMDXWSCUHSE,DD31050,3172,NWNSALIYVAM
984,CTQJMPJBXTE,DD95005,3768,YWDUWYCDGJM
985,BYJYTVSBQHE,DD41503,1405,ITQTGMPDIKM
986,AZAZFNCCUSE,DD75676,4814,KDBDZOGARVM
987,JFRQKMAGQVE,DD95825,1113,WEHRPRABIZM
988,PFHCPSOQTZE,DD76152,4086,TEQYBYANQHM
989,MSLNVSXSFFE,DD24588,1537,ESIPBDQRGYM
990,UEVYFTBSMPE,DD94578,4843,NAXDWQCABDM
991,WONTGWTOJWE,DD88033,1422,BNRHULVDSJM
992,ZGGZKOMTKFE,DD91113,4991,GDOEJWKVJTM
993,IGGWWVYAJTE,DD46257,1315,TGKESFWGHIM
994,JOJKHJFDJHE,DD86012,1964,KHOZWAUHBRM
995,WPSVUFHMQLE,DD69995,1034,VAZGHWNRFPM
996,JPISDGXEFVE,DD33351,2360,UXPXLTTPDOM
997,LNOCYTQSRYE,DD15623,3690,PGVAQGRAVLM
998,UYDSRALXRVE,DD02947,3327,VSDARYJEEGM
999,RIISYISFUOE,DD23688,3240,TJUSAKEVAOM
1000,EFCQLBRAYHE,DD76343,2238,UBBJKJHRVWM
1001,AZOTCCZHXIE,DD61939,4859,SYAEZLOKJUM
1002,BACBPHWVMUE,DD05673,1291,QOGYWIDTXUM
1003,GDRRFEQKQZE,DD23294,3407,ZKUTZKTSDEM
1004,ZZCUMBLTOTE,DD33236,4127,JNPGZFKVCKM
1005,VXFVHLWNMFE,DD16090,4699,EETBNZSUKAM
1006,NFEWKWFDOKE,DD72036,1831,PQKDQFAGVMM
1007,FEVTJRSXUQE,DD58728,3036,QQWPYQNAOWM
1008,PFJGXVAOFBE,DD16484,2141,JKTBQMRJIHM
1009,FWNFLCQUMTE,DD60831,4926,KLXKXXALYMM
1010,BPHAKHHXQSE,DD26040,3354,SLWJCGKVXLM
1011,MDAHCOWZGFE,DD49827,1955,XJUEOOMLZNM
1012,QJHKEOQLMWE,DD40128,4790,QBNIIFFFDSM
1013,ZHGTYLOZNEE,DD59639,4593,CAQQRATKZEM
1014,XAMMCDZPSYE,DD21753,2253,OAFHJESHYTM
1015,EPBCNTZFJYE,DD88442,3790,HRHGHMPUGAM
1016,VRIXOUAPUBE,DD16590,1876,OJGBFDIAYXM
1017,KDCEYSOTJJE,DD18587,2482,BNRHULVDSJM
1018,WRQGGGUORRE,DD66005,3128,KZUQQZTVMOM
1019,AFJDPDJXAKE,DD78157,2750,OAQRDRRMRCM
1020,GDHTMHLIMEE,DD60764,3123,XYSCDSLCQMM
1021,GCIARXMGGLE,DD77395,3560,CAFIDTXJRRM
1022,HRFIBJRFWPE,DD23951,4062,TERIDRBTYOM
1023,EZKOQMFSIOE,DD53413,2854,BNRHULVDSJM
1024,PYSFNWQZYXE,DD00431,1687,VWUNMQIGINM
1025,LDZECTYVPUE,DD10304,4637,QHSKNTFYACM
1026,TVIXMLFAGWE,DD39359,2041,VKWRFOAHUPM
1027,UZETOUIDEQE,DD44150,2613,SBWWOLOGRRM
1028,EGAYZUBTQCE,DD38295,3305,OAQRDRRMRCM
1029,CTQJMPJBXTE,DD95005,1023,YWDUWYCDGJM
1030,LZGHMZEBIKE,DD31611,2758,BNRHULVDSJM
1031,SGEAQELIBRE,DD60813,3487,TGKESFWGHIM
1032,ZYMRIYTDMTE,DD73099,2494,JKOAMDHVCFM
1033,IFWKTCZEWBE,DD14440,1659,SWLENZIZEWM
1034,KQDISKXQHGE,DD45355,2177,BCOUHNPMOZM
1035,HBLTWVBCGME,DD48733,3826,LRFSLITBANM
1036,GJHAMQGYNAE,DD20939,4481,FZTFLBCNZGM
1037,VRBISIGIAIE,DD37953,3626,XLPLNWBKQXM
1038,TVZJXMAZALE,DD52670,2367,FXLRYABLPMM
1039,CODNMXLYBDE,DD39924,3293,TLVCKEDISYM
1040,FGAUJGXAMRE,DD24548,1266,RLQLFLYPADM
1041,TKNMNANQXJE,DD91464,4826,PYETMXQBPBM
1042,HJDRQSZXYIE,DD64854,1979,LANSSRWCWFM
1043,OPOFRHMETNE,DD96499,1349,DQJXGEGJKMM
1044,BWLZZDMJOBE,DD91989,4641,EQTDUOXQFCM
1045,HKPGWTLAHFE,DD96929,3279,BCOUHNPMOZM
1046,JXESBQRJEFE,DD45512,2584,QHEOCNZBLGM
1047,XOWXJPGGXWE,DD46470,4192,LWFCQBQIJAM
1048,TUCUCBEZPBE,DD34857,3653,RQFAHXZJPQM
1049,TVIXMLFAGWE,DD39359,3274,VKWRFOAHUPM
1050,MLQPLVLXZLE,DD13074,2185,LTWWPTJMOEM
1051,LPSSYPSXJEE,DD20210,4916,GDOEJWKVJTM
1052,GQKTKNTWDXE,DD52617,1279,EICPGWREDIM
1053,ZEAJXTUDXSE,DD56908,2294,NGRZZJGSPXM
1054,NPSDFNSGUNE,DD36823,2379,LNMNVSIGHPM
1055,VFKVXFPPHXE,DD43563,4646,FXLRYABLPMM
1056,DTMYVYMVWNE,DD93467,2246,EUOIPGLBDQM
1057,CXGJNAHMBBE,DD04634,1211,FGJVUKOOHNM
1058,BQCYPUBTRLE,DD95722,3360,WXSQTKROJFM
1059,XAMMCDZPSYE,DD21753,2183,OAFHJESHYTM
1060,UDTJOTBHGTE,DD11339,2186,NHDJKFVARUM
1061,HKLETKXRUQE,DD18045,3841,PQKDQFAGVMM
1062,TVMWMWRRUDE,DD59325,3577,NSDQWYGOBSM
1063,BIYZLEPEXHE,DD79051,1329,IYHLXLNAHIM
1064,LBDWRGFOBHE,DD61610,2201,LMYLPQXECCM
1065,NEFNBDXPMWE,DD11121,1611,UBUANRRIDSM
1066,DPGGLPCTOOE,DD72896,2110,RIASRABRRZM
1067,SZENHBDXJLE,DD82245,4694,GZGKHZBFHAM
1068,MXPGERAUBAE,DD62665,3509,QPJPZVJNEKM
1069,TYTNEHZCUDE,DD81416,2573,MRRILYZHVIM
1070,NBHUTLZRUDE,DD96710,3747,EFJCSADIGRM
1071,QXNNICEAPEE,DD17198,2566,JZIOKRMBYEM
1072,XIDFMXFRCVE,DD02211,2806,VSSJSCOXPNM
1073,EABCDVDCPXE,DD08704,3558,OGRZASKWKZM
1074,RRLUMSXMATE,DD51487,3802,EETBNZSUKAM
1075,SUAZURPYLAE,DD36971,4630,XOVDJIMQLZM
1076,DXVACPJWLOE,DD78019,1233,UXPXLTTPDOM
1077,MPIRAIGUSAE,DD24748,3772,MVYRQNUCFKM
1078,RNNZTGXPLLE,DD84820,2706,MVYRQNUCFKM
1079,GDHTMHLIMEE,DD60764,3914,XYSCDSLCQMM
1080,QZQJAFYXPPE,DD02445,2024,NSDQWYGOBSM
1081,NBRCTXMRYOE,DD67936,2221,IYHLXLNAHIM
1082,JAYTBMXTBLE,DD95406,3799,DWAMEMUNWQM
1083,GLFHTIVEOZE,DD18498,2421,ESIPBDQRGYM
1084,SGDDZCNAINE,DD67437,3208,UXPXLTTPDOM
1085,BXQDPYARFEE,DD23955,3400,TLVCKEDISYM
1086,ZWPBQWIDERE,DD13107,4956,QPJPZVJNEKM
1087,TVMWMWRRUDE,DD59325,2276,NSDQWYGOBSM
1088,XHMOMBLZUHE,DD68199,4996,ULOORZCXOTM
1089,MPROCZKBAIE,DD58122,2881,JIPXMAOBVUM
1090,GQKTKNTWDXE,DD52617,2366,EICPGWREDIM
1091,QXNNICEAPEE,DD17198,4915,JZIOKRMBYEM
1092,JOJKHJFDJHE,DD86012,2352,KHOZWAUHBRM
1093,JAGVQBDOEME,DD40303,1208,TJUSAKEVAOM
1094,EGAYZUBTQCE,DD38295,3318,OAQRDRRMRCM
1095,DNTHVLTZGJE,DD99110,1119,XOVDJIMQLZM
1096,OIAPDVBPLOE,DD21411,2550,GCQTJEBYFQM
1097,GDRRFEQKQZE,DD23294,3073,ZKUTZKTSDEM
1098,GLROQUAXEJE,DD44833,4253,EZXDGPVYDYM
1099,RSEYXPMHKZE,DD03770,1956,ESCRDTGCYRM
1100,CODNMXLYBDE,DD39924,3748,TLVCKEDISYM
1101,UVDXFATUXTE,DD18059,2452,HRHGHMPUGAM
1102,HRFIBJRFWPE,DD23951,3268,TERIDRBTYOM
1103,ANUUOHTYVXE,DD93635,1921,CCFWTHBBIOM
1104,MPIRAIGUSAE,DD24748,3950,MVYRQNUCFKM
1105,YQMKVHEKOWE,DD36470,4709,IYHLXLNAHIM
1106,YISLJWZJHDE,DD80283,2180,QPJPZVJNEKM
1107,QFMXDUCJZEE,DD86480,2336,WPMGBJWPTVM
1108,OFNUWMNOSBE,DD77803,4430,RLQLFLYPADM
1109,PRBDJIMZNPE,DD79266,2092,EETBNZSUKAM
1110,SYAAWWBWGAE,DD03669,2399,OAQRDRRMRCM
1111,HZKJHLADVRE,DD38218,1599,KZUQQZTVMOM
1112,HNLNGHTGXDE,DD86955,1863,SYAEZLOKJUM
1113,UFUCQVETWPE,DD41304,4781,XYSCDSLCQMM
1114,VGUJABQUNSE,DD08806,1241,ESCRDTGCYRM
1115,QYTONOFUKQE,DD28371,1100,CPTRQJIIAMM
1116,MUWEORGHMYE,DD05564,4986,JIPXMAOBVUM
1117,LOEXAKDIOOE,DD94691,2027,SWLENZIZEWM
1118,ZDCDNRHTENE,DD00708,2044,DJJAKFWJAAM
1119,BPBPVDKEPNE,DD51549,4123,TEQYBYANQHM
1120,EZPMMWHNZGE,DD70331,3518,QOGYWIDTXUM
1121,YQMKVHEKOWE,DD36470,1123,IYHLXLNAHIM
1122,FQRYFEUVXYE,DD47317,1812,LTWWPTJMOEM
1123,HXXMNOJQJLE,DD82515,2045,ZITKUHEZNLM
1124,JOJKHJFDJHE,DD86012,4605,KHOZWAUHBRM
1125,XUXOIWLXSVE,DD94868,2268,CHRVFBIDIFM
1126,XSHLWXQUNFE,DD87378,1042,JNPGZFKVCKM
1127,LZLDRWOKFSE,DD13760,1639,XYICSTSFKNM
1128,FHGQXVVGJUE,DD62827,2518,GJKJDXKKYQM
1129,FJTPFRNDHME,DD80540,3144,QEMZDZCDXGM
1130,YQMKVHEKOWE,DD36470,2316,IYHLXLNAHIM
1131,PQZKLSMEVTE,DD72094,3209,UKWXZTTPYNM
1132,VXBULBSQPAE,DD97777,4511,FZTFLBCNZGM
1133,KJBDRFNPDPE,DD57457,1742,NHDJKFVARUM
1134,YIABJHAJZAE,DD99475,2569,QHSKNTFYACM
1135,VFKVXFPPHXE,DD43563,4001,FXLRYABLPMM
1136,JRXRAQEXPEE,DD13746,3363,ISWBDOWEMBM
1137,JRXRAQEXPEE,DD13746,2914,ISWBDOWEMBM
1138,ROLWZIMOEHE,DD95145,1469,ZKUTZKTSDEM
1139,XXYMINJGVOE,DD02587,4376,TPBUKUKLWKM
1140,ANUUOHTYVXE,DD93635,1733,CCFWTHBBIOM
1141,YCLLUUHTHYE,DD27533,3370,ESIPBDQRGYM
1142,YCLLUUHTHYE,DD27533,4577,ESIPBDQRGYM
1143,TQWZHOWAINE,DD40397,4136,HTNCCAFJIYM
1144,SZENHBDXJLE,DD82245,1446,GZGKHZBFHAM
1145,LDZECTYVPUE,DD10304,2275,QHSKNTFYACM
1146,GJHAMQGYNAE,DD20939,4852,FZTFLBCNZGM
1147,RFTOWHQZSYE,DD23959,3765,QQWPYQNAOWM
1148,DERVQXXTWGE,DD78690,1557,DUQTCHBQCJM
1149,XSHLWXQUNFE,DD87378,3249,JNPGZFKVCKM
1150,UQMIGHTWQCE,DD02153,2093,GBFIUZLYEVM
1151,TVZJXMAZALE,DD52670,4454,FXLRYABLPMM
1152,MEWCLWKFTAE,DD29288,3397,GZGKHZBFHAM
1153,RQGTOOKDXBE,DD72114,4131,MRRILYZHVIM
1154,XSHLWXQUNFE,DD87378,3563,JNPGZFKVCKM
1155,PRBDJIMZNPE,DD79266,3718,EETBNZSUKAM
1156,FJWBNOFFAOE,DD93490,2279,NGRZZJGSPXM
1157,RHUJBFDVTVE,DD14174,3587,CAQQRATKZEM
1158,GOVGKQTPTWE,DD87349,4496,PGVAQGRAVLM
1159,FSZYJMWABLE,DD47177,2846,EETBNZSUKAM
1160,BQCYPUBTRLE,DD95722,4145,WXSQTKROJFM
1161,EYNAGOJWZSE,DD52506,4600,XFBLGRKLVHM
1162,OXEIBBCFWDE,DD48396,3617,NFSIULTSKPM
1163,LDAFFLQDQBE,DD52904,3098,QPRBHZCHGEM
1164,NBHUTLZRUDE,DD96710,3819,EFJCSADIGRM
1165,NEFNBDXPMWE,DD11121,2451,UBUANRRIDSM
1166,DZCKGWVJPGE,DD51232,3671,WXSQTKROJFM
1167,XVGTJRTRHVE,DD97933,3716,QQWPYQNAOWM
1168,WMGWIDCYHFE,DD04435,2234,EICPGWREDIM
1169,SZENHBDXJLE,DD82245,4081,GZGKHZBFHAM
1170,RFTOWHQZSYE,DD23959,4861,QQWPYQNAOWM
1171,UDTJOTBHGTE,DD11339,1906,NHDJKFVARUM
1172,MBCQECBTAZE,DD27880,3385,IYHLXLNAHIM
1173,UKHTQJBAMJE,DD23558,2575,FXLRYABLPMM
1174,TQWZHOWAINE,DD40397,2009,HTNCCAFJIYM
1175,UVDXFATUXTE,DD18059,2830,HRHGHMPUGAM
1176,RHUJBFDVTVE,DD14174,1709,CAQQRATKZEM
1177,DRGWFGXOTGE,DD21216,3830,NHPRQSZKTYM
1178,MZNDOBQTFUE,DD77623,3824,DUQTCHBQCJM
1179,USKNHAYEDUE,DD63549,2558,MVYRQNUCFKM
1180,PYKQNPQIIZE,DD12978,3915,QHEOCNZBLGM
1181,XHMOMBLZUHE,DD68199,3324,ULOORZCXOTM
1182,SGEAQELIBRE,DD60813,2411,TGKESFWGHIM
1183,JHBNDLPDFJE,DD05885,1382,ALIGDCSJCOM
1184,FSHSJQXCXEE,DD04854,4960,RNDYQTBSLDM
1185,IXUGYLTRQIE,DD97932,3974,GABKKCQKSHM
1186,JGTWHDSDHEE,DD11500,1122,SZYKZZWOUEM
1187,VFTVTLGRMBE,DD47681,1080,HXJLMPNWWHM
1188,ZXBZJTMNJSE,DD09513,2031,OQAUQVQHOIM
1189,JFRQKMAGQVE,DD95825,2561,WEHRPRABIZM
1190,DXVACPJWLOE,DD78019,1487,UXPXLTTPDOM
1191,LPSSYPSXJEE,DD20210,4165,GDOEJWKVJTM
1192,VDCMHMYRGLE,DD80430,1765,SHRWNVYVTFM
1193,GQKTKNTWDXE,DD52617,2422,EICPGWREDIM
1194,NEFNBDXPMWE,DD11121,1274,UBUANRRIDSM
1195,XAMMCDZPSYE,DD21753,3818,OAFHJESHYTM
1196,PYKQNPQIIZE,DD12978,1250,QHEOCNZBLGM
1197,JPISDGXEFVE,DD33351,1236,UXPXLTTPDOM
1198,TXHPICDMUBE,DD64991,1723,GKGPEMMGAIM
1199,BLBSDXEGPTE,DD15536,2472,NAXDWQCABDM
1200,CSGUNCCACBE,DD92627,3258,VWUNMQIGINM
1201,GANKHCPAQFE,Staff,1000,XYSCDSLCQMM
1202,HFPXVGPCFGE,Staff,1000,QVMSXJGOYWM
1203,DOAKYBBPEBE,Staff,1000,KLXKXXALYMM
1204,ASKZUODVTYE,Staff,1000,UJSNCAQLPXM
1205,HSFHHZIRQXE,Staff,1000,CHRVFBIDIFM
1206,EQQJLCNUKEE,Staff,1000,QHSKNTFYACM
1207,AWNPWEGTMBE,Staff,1000,QPJPZVJNEKM
1208,CRUCCFYFCDE,Staff,1000,XOVDJIMQLZM
1209,OVRXUYZGFLE,Staff,1000,ITQTGMPDIKM
1210,ASWFYVLVKJE,Staff,1000,QLOCETVTZAM
1211,BYLQSEEDUYE,Staff,1000,MZYKBWQDANM
1212,NXGLHQNBANE,Staff,1000,XFNBJYIXMIM
1213,PFPFUETPGGE,Staff,1000,YADFIOLLPZM
1214,JYTBURQZILE,Staff,1000,YGVJEQWWYYM
1215,RNCLDXFPHME,Staff,1000,SMXPEGHKGCM
1216,GACWXUBBPME,Staff,1000,IUNJIIMCZDM
1217,XPQYYVJXWEE,Staff,1000,VSDARYJEEGM
1218,UGAKUXUPCYE,Staff,1000,UBUANRRIDSM
1219,EKQWYPHKIUE,Staff,1000,EQTDUOXQFCM
1220,PCOMDGJNOXE,Staff,1000,DQJXGEGJKMM
1221,OZTRXHHFXSE,Staff,1000,SMXPEGHKGCM
1222,XUEHGKVAVQE,Staff,1000,ESCRDTGCYRM
1223,FIEOTLNEUHE,Staff,1000,LWFCQBQIJAM
1224,JJRDWWSXUQE,Staff,1000,RNOQZUVYQKM
1225,AUPLRFOAVJE,Staff,1000,LTLRYSLAPBM
1226,PNKDDLLVCCE,Staff,1000,UPAIFNMKVHM
1227,CUJCOMMLCFE,Staff,1000,ESCRDTGCYRM
1228,HNPJVMXZMVE,Staff,1000,ZKUTZKTSDEM
1229,BHSKFIEELLE,Staff,1000,LNMNVSIGHPM
1230,OZJHSPNTASE,Staff,1000,KDBDZOGARVM
1231,LWTBWDDIQSE,Staff,1000,GNMGJIRBNJM
1232,BPEDMAPKPSE,Staff,1000,RNOQZUVYQKM
1233,WLVMUAUVNYE,Staff,1000,XYSCDSLCQMM
1234,MVLOWOOAVEE,Staff,1000,SLWJCGKVXLM
1235,YVYYLIEAPXE,Staff,1000,UXPXLTTPDOM
1236,CJXYYCPRDJE,Staff,1000,QURWTEUEJOM
1237,HTXRQZFDGLE,Staff,1000,NKMOKCMFNQM
1238,XTMDIKRQDBE,Staff,1000,UBUANRRIDSM
1239,GGWEXHVNZHE,Staff,1000,UBBJKJHRVWM
1240,CVFHCAFSJUE,Staff,1000,XYICSTSFKNM
1241,XQEDTZWNQTE,Staff,1000,OAQRDRRMRCM
1242,FISYIPKYHRE,Staff,1000,ESIPBDQRGYM
1243,XIBAHRTQFHE,Staff,1000,QBNIIFFFDSM
1244,MIAGIVUUCGE,Staff,1000,EFJCSADIGRM
1245,LVWAEFQQTYE,Staff,1000,COZZDEJXKXM
1246,UZSXTJQSXEE,Staff,1000,ZITKUHEZNLM
1247,LTNAAOZXVCE,Staff,1000,UBUANRRIDSM
1248,UTJBBZIWWRE,Staff,1000,GKGPEMMGAIM
1249,KHMWEEXIEAE,Staff,1000,IYHLXLNAHIM
1250,ZIXLQNGMRUE,Staff,1000,QVMSXJGOYWM
1251,EYZFBZZVUDE,Staff,1000,ITQTGMPDIKM
1252,ECYPOXLMFGE,Staff,1000,SZYKZZWOUEM
1253,RPNKXKCMKME,Staff,1000,LNMNVSIGHPM
1254,HIIGBQXDZUE,Staff,1000,BFVORJBMSXM
1255,YACOJGZBMNE,Staff,1000,LANSSRWCWFM
1256,UBMITURAEPE,Staff,1000,VWUNMQIGINM
1257,TRHZBYHGWDE,Staff,1000,GJKJDXKKYQM
1258,NIMRRQTOQNE,Staff,1000,MBSWLUTPLKM
1259,BTZYGHQWGWE,Staff,1000,DBBSQLGTBMM
1260,WRKNTVQGSLE,Staff,1000,GNMGJIRBNJM
1261,ZPNOVAGTHUE,Staff,1000,DJJAKFWJAAM
1262,EIFFYCINMQE,Staff,1000,DWAMEMUNWQM
1263,YFOSCGADCSE,Staff,1000,QBNIIFFFDSM
1264,OJEMCIDFKPE,Staff,1000,LMYLPQXECCM
1265,SWZTRRQFIAE,Staff,1000,NWNSALIYVAM
1266,HRUFXSKYPTE,Staff,1000,MVYRQNUCFKM
1267,EGWWBGBLLWE,Staff,1000,OQAUQVQHOIM
1268,CWCBWHUCHVE,Staff,1000,NWNSALIYVAM
1269,KMAJDRYMFRE,Staff,1000,KTCHOFZQYRM
1270,VFOKRWRBGOE,Staff,1000,JWKXQNUQKWM
1271,LURIJSJWALE,Staff,1000,RQFAHXZJPQM
1272,MUPRXIFCAME,Staff,1000,NFSIULTSKPM
1273,QSVMGPBIQUE,Staff,1000,RLQLFLYPADM
1274,YONXVEEKYGE,Staff,1000,UJSNCAQLPXM
1275,SYDMPPXDICE,Staff,1000,SZYKZZWOUEM
1276,JNWBFGRGZGE,Staff,1000,HTNCCAFJIYM
1277,VWLYGKWEZEE,Staff,1000,COZZDEJXKXM
1278,MLFXFPNSUVE,Staff,1000,FGJVUKOOHNM
1279,GOTPDJVTLXE,Staff,1000,KHOZWAUHBRM
1280,ONRIDBOOYLE,Staff,1000,CCFWTHBBIOM
1281,FBHVQROROHE,Staff,1000,FOFVQAWXUYM
1282,OVVOQCZLCJE,Staff,1000,BCOUHNPMOZM
1283,QGKFNZOWQHE,Staff,1000,PYETMXQBPBM
1284,YCAUSRPNCEE,Staff,1000,EQOHYWLOQUM
1285,WXLWEJELXTE,Staff,1000,NHPRQSZKTYM
1286,YIAXTZQZHHE,Staff,1000,QBNIIFFFDSM
1287,UZXUGQZJVZE,Staff,1000,FXLRYABLPMM
1288,GYTFKGQXIEE,Staff,1000,YWDUWYCDGJM
1289,YTVTBMOIECE,Staff,1000,EQOHYWLOQUM
1290,MTGQBQQVSNE,Staff,1000,MZYKBWQDANM
1291,AKODYKHUCHE,Staff,1000,GNMGJIRBNJM
1292,HIXHSVIQFTE,Staff,1000,UTECFWFFANM
1293,APSSARLZTGE,Staff,1000,SLHRIVLSPXM
1294,DKHMTTKIKUE,Staff,1000,RAVCHBRLYVM
1295,FOQAIPJEEVE,Staff,1000,TJUSAKEVAOM
1296,IVSZIZIUKEE,Staff,1000,ESIPBDQRGYM
1297,QPODWGWQJDE,Staff,1000,DWAMEMUNWQM
1298,UJMQYHYQQQE,Staff,1000,MZYKBWQDANM
1299,TASNNXVNFWE,Staff,1000,RLQLFLYPADM
1300,ASYIMGHNPQE,Staff,1000,DJJAKFWJAAM
1301,XSUQULHJRPE,Staff,1000,JIPXMAOBVUM
1302,NKPPASHQVHE,Staff,1000,CAQQRATKZEM
1303,TXRAZDUMFSE,Staff,1000,IXTDMCXNNYM
1304,TRZQUZNHQBE,Staff,1000,EQTDUOXQFCM
1305,CWDLORSBESE,Staff,1000,WPMGBJWPTVM
1306,NYEUBSYBKTE,Staff,1000,NWNSALIYVAM
1307,DFRTHTZXHUE,Staff,1000,TEQYBYANQHM
1308,YLEQCTFRDTE,Staff,1000,JFYQTAPBDPM
1309,QPJLTKMPCEE,Staff,1000,MRRILYZHVIM
1310,IZYLASFFRFE,Staff,1000,IXTDMCXNNYM
1311,KAELXRUPWXE,Staff,1000,DUQTCHBQCJM
1312,CNHCSDBPRTE,Staff,1000,TEQYBYANQHM
1313,ICGFLBFRKZE,Staff,1000,QHSKNTFYACM
1314,CRABDEVKEME,Staff,1000,DUQTCHBQCJM
1315,JSCFKXHHFWE,Staff,1000,LRFSLITBANM
1316,KGQPNKVOEYE,Staff,1000,TPBUKUKLWKM
1317,LJMLPBQCQHE,Staff,1000,NEWKYRUCJSM
1318,FBBOKZWHLIE,Staff,1000,LRFSLITBANM
1319,CYEBHMAJXKE,Staff,1000,KLXKXXALYMM
1320,XZSVJZLCOSE,Staff,1000,MZYKBWQDANM
1321,VMOTXJASULE,Staff,1000,LRFSLITBANM
1322,NMHONVZVZJE,Staff,1000,RQFAHXZJPQM
1323,DVINPEJRUIE,Staff,1000,EIPHSLZBHZM
1324,ZABDHILKHPE,Staff,1000,QPJPZVJNEKM
1325,FGQBQGSAGPE,Staff,1000,NHDJKFVARUM
1326,XQESWFHJLNE,Staff,1000,KHOZWAUHBRM
1327,FYBFFDCZVFE,Staff,1000,HWMMFBGBDUM
1328,AIEZOJZQKYE,Staff,1000,JSLKCXKWRPM
1329,SGERRSBPQNE,Staff,1000,HTNCCAFJIYM
1330,FDGQHKOWEXE,Staff,1000,TUKIPQQATUM
1331,NUMQLLEOAFE,Staff,1000,UXPXLTTPDOM
1332,XURNOOGNNZE,Staff,1000,PMVGQIBNHVM
1333,AWOQTFCKWRE,Staff,1000,SMXPEGHKGCM
1334,ARFEXTCFNWE,Staff,1000,CHRVFBIDIFM
1335,GOCIOPGNAOE,Staff,1000,SVZNBIFFUQM
1336,AWPZFHUTFTE,Staff,1000,VKWRFOAHUPM
1337,BREOYCNNCRE,Staff,1000,GBFIUZLYEVM
1338,RMNXYMTWNTE,Staff,1000,EUOIPGLBDQM
1339,FOCKVRQUFOE,Staff,1000,CCFWTHBBIOM
1340,PHPUOVGAQPE,Staff,1000,DBBSQLGTBMM
1341,PIDRPWXQJCE,Staff,1000,KHOZWAUHBRM
1342,GSMOACQKQGE,Staff,1000,RLQLFLYPADM
1343,BUGQRPJTUEE,Staff,1000,YGVJEQWWYYM
1344,KPPRJEQMMCE,Staff,1000,PIPXWWVBDHM
1345,BIAMUTJFCZE,Staff,1000,SYAEZLOKJUM
1346,MUMCNYULRRE,Staff,1000,PJBYLUFOVOM
1347,TDRGGTUGUQE,Staff,1000,PIPXWWVBDHM
1348,DVSFKWHCGGE,Staff,1000,IVTTGLIUCQM
1349,VITATIQRPIE,Staff,1000,CHRVFBIDIFM
1350,FSOJVDJCEVE,Staff,1000,ISWBDOWEMBM
1351,IAKSWSFSAXE,Staff,1000,JZIOKRMBYEM
1352,PTKBIWOGIIE,Staff,1000,UVRYTEHQLGM
1353,BAZZKZKUCTE,Staff,1000,GZGKHZBFHAM
1354,CIDEZSMHKQE,Staff,1000,ARCDYPRJLMM
1355,BNQRZQKXRCE,Staff,1000,QLOCETVTZAM
1356,AHCKOSUESRE,Staff,1000,YADFIOLLPZM
1357,AIFNOQYCRPE,Staff,1000,ZENLBJPWHVM
1358,TZBNDDYCFEE,Staff,1000,WLJKAYLDYSM
1359,XVRDTIOSKTE,Staff,1000,VKWRFOAHUPM
1360,RSFXUFKMNRE,Staff,1000,IDAHFMTFBNM
1361,WSKPGHSRJGE,Staff,1000,JSLKCXKWRPM
1362,GYAIRSVJQBE,Staff,1000,WXSQTKROJFM
1363,ZFDYXTDVNCE,Staff,1000,ULOORZCXOTM
1364,NITKMBPFCAE,Staff,1000,SZYKZZWOUEM
1365,VKMRGXSVZIE,Staff,1000,TPBUKUKLWKM
1366,YUIBTUUEXSE,Staff,1000,QPRBHZCHGEM
1367,DDHRZVHKOYE,Staff,1000,SBWWOLOGRRM
1368,XBICPQBEXME,Staff,1000,BFVORJBMSXM
1369,IGNITEUZHTE,Staff,1000,JIPXMAOBVUM
1370,USKBBNFEERE,Staff,1000,XFBLGRKLVHM
1371,ROHVODWUANE,Staff,1000,XFBLGRKLVHM
1372,ZRDMQTVMHTE,Staff,1000,QQNLKEGDOQM
1373,NEIRQKPWVKE,Staff,1000,FXLRYABLPMM
1374,WTOUIAZOTRE,Staff,1000,SHRWNVYVTFM
1375,IECVOGFJQLE,Staff,1000,BOKNGLJBJVM
1376,JOXVRKCIPLE,Staff,1000,CPTRQJIIAMM
1377,FVVJTXCJTIE,Staff,1000,LKWJZSRUGWM
1378,XOWIWULQZYE,Staff,1000,RNOQZUVYQKM
1379,CLVRHJPFRDE,Staff,1000,TORWKWSGGNM
1380,ZOGRPTWKJVE,Staff,1000,NAXDWQCABDM
1381,DVVNJSSNKKE,Staff,1000,LTLRYSLAPBM
1382,XXSKMQFRXHE,Staff,1000,GDOEJWKVJTM
1383,EIDGMNLOAME,Staff,1000,FDCQOIKRFYM
1384,FAYMNVIBEPE,Staff,1000,LWFCQBQIJAM
1385,FMCSDEBXAQE,Staff,1000,KHOZWAUHBRM
1386,WSCBKTYVTGE,Staff,1000,RLQLFLYPADM
1387,AYXBIGHPKGE,Staff,1000,JSLKCXKWRPM
1388,NDYONGALQIE,Staff,1000,MZYKBWQDANM
1389,UAMFYOFAAXE,Staff,1000,LRFSLITBANM
1390,JTRMSUGCNRE,Staff,1000,OAQRDRRMRCM
1391,SZDJVUXZGME,Staff,1000,JFYQTAPBDPM
1392,SKYWRRAQDAE,Staff,1000,XOVDJIMQLZM
1393,WYALASCXFPE,Staff,1000,LYPPCPSPSEM
1394,HOCGJPUIZGE,Staff,1000,XFYEOJQQLCM
1395,IQFSMTICENE,Staff,1000,SLHRIVLSPXM
1396,MFYPGWPUHPE,Staff,1000,JHNZRHTXLQM
1397,DYMTBRIVFYE,Staff,1000,NSDQWYGOBSM
1398,XROLWYJZYOE,Staff,1000,SZYKZZWOUEM
1399,RHOBKVFADIE,Staff,1000,EUOIPGLBDQM
1400,PFZSCDUQCCE,Staff,1000,XOVDJIMQLZM
1401,ULOORZCXOTM,DD79389,5285,ULOORZCXOTM
1402,UTECFWFFANM,DD82004,8754,UTECFWFFANM
1403,OGRZASKWKZM,DD49984,7362,OGRZASKWKZM
1404,IYHLXLNAHIM,DD42753,8641,IYHLXLNAHIM
1405,JNPGZFKVCKM,DD67663,7583,JNPGZFKVCKM
1406,QHEOCNZBLGM,DD27142,7385,QHEOCNZBLGM
1407,ESCRDTGCYRM,DD41741,7033,ESCRDTGCYRM
1408,EZXDGPVYDYM,DD79779,5882,EZXDGPVYDYM
1409,QHSKNTFYACM,DD15276,7990,QHSKNTFYACM
1410,VIHUEUGZHWM,DD85781,6081,VIHUEUGZHWM
1411,GJKJDXKKYQM,DD18245,5801,GJKJDXKKYQM
1412,WPMGBJWPTVM,DD64916,6575,WPMGBJWPTVM
1413,XYSCDSLCQMM,DD55767,5656,XYSCDSLCQMM
1414,JKTBQMRJIHM,DD49375,8663,JKTBQMRJIHM
1415,QLOCETVTZAM,DD79260,5282,QLOCETVTZAM
1416,EETBNZSUKAM,DD77269,6181,EETBNZSUKAM
1417,YWDUWYCDGJM,DD93593,6375,YWDUWYCDGJM
1418,ISWBDOWEMBM,DD12062,6989,ISWBDOWEMBM
1419,OESKPZFXEEM,DD65179,5489,OESKPZFXEEM
1420,ARCDYPRJLMM,DD54535,8597,ARCDYPRJLMM
1421,XFBLGRKLVHM,DD58029,6204,XFBLGRKLVHM
1422,FOFVQAWXUYM,DD79263,8168,FOFVQAWXUYM
1423,LWFCQBQIJAM,DD78635,7350,LWFCQBQIJAM
1424,LNMNVSIGHPM,DD19871,8608,LNMNVSIGHPM
1425,ITFESNVIGAM,DD26330,8176,ITFESNVIGAM
1426,QPRBHZCHGEM,DD32544,5367,QPRBHZCHGEM
1427,MZPODWGTKGM,DD45658,6934,MZPODWGTKGM
1428,LANSSRWCWFM,DD25092,7736,LANSSRWCWFM
1429,JSLKCXKWRPM,DD39765,7921,JSLKCXKWRPM
1430,UJSNCAQLPXM,DD33558,8896,UJSNCAQLPXM
1431,PYETMXQBPBM,DD46970,7946,PYETMXQBPBM
1432,TEQYBYANQHM,DD73613,7905,TEQYBYANQHM
1433,FBWDJWFGAXM,DD73521,6288,FBWDJWFGAXM
1434,RQFAHXZJPQM,DD43709,8799,RQFAHXZJPQM
1435,MZYKBWQDANM,DD91643,8040,MZYKBWQDANM
1436,FXLRYABLPMM,DD88409,5071,FXLRYABLPMM
1437,MVYRQNUCFKM,DD61425,8919,MVYRQNUCFKM
1438,WLJKAYLDYSM,DD32059,8850,WLJKAYLDYSM
1439,SLWJCGKVXLM,DD14453,7773,SLWJCGKVXLM
1440,EQOHYWLOQUM,DD90034,6920,EQOHYWLOQUM
1441,VKWRFOAHUPM,DD57670,6091,VKWRFOAHUPM
1442,PGVAQGRAVLM,DD31399,6380,PGVAQGRAVLM
1443,JKOAMDHVCFM,DD65112,6638,JKOAMDHVCFM
1444,TGKESFWGHIM,DD02175,5333,TGKESFWGHIM
1445,XOVDJIMQLZM,DD07953,5161,XOVDJIMQLZM
1446,EQTDUOXQFCM,DD85625,7341,EQTDUOXQFCM
1447,ESIPBDQRGYM,DD32703,8459,ESIPBDQRGYM
1448,QPJPZVJNEKM,DD04619,5230,QPJPZVJNEKM
1449,WXSQTKROJFM,DD28845,7535,WXSQTKROJFM
1450,XMNOAVZTAVM,DD81343,8206,XMNOAVZTAVM
1451,OJGBFDIAYXM,DD97731,7026,OJGBFDIAYXM
1452,UBBJKJHRVWM,DD35620,8498,UBBJKJHRVWM
1453,BFVORJBMSXM,DD50279,6834,BFVORJBMSXM
1454,KHOZWAUHBRM,DD22947,8592,KHOZWAUHBRM
1455,GBFIUZLYEVM,DD73791,7960,GBFIUZLYEVM
1456,HTNCCAFJIYM,DD01607,8327,HTNCCAFJIYM
1457,FZTFLBCNZGM,DD35033,7563,FZTFLBCNZGM
1458,HXJLMPNWWHM,DD72536,6083,HXJLMPNWWHM
1459,PJBYLUFOVOM,DD56680,8742,PJBYLUFOVOM
1460,VAZGHWNRFPM,DD20735,6091,VAZGHWNRFPM
1461,FDSILEXEAAM,DD47392,8101,FDSILEXEAAM
1462,FGJVUKOOHNM,DD50167,7341,FGJVUKOOHNM
1463,FTQFSSMSKLM,DD81442,7719,FTQFSSMSKLM
1464,VSSJSCOXPNM,DD48665,6029,VSSJSCOXPNM
1465,KGXHJDADUOM,DD95500,8097,KGXHJDADUOM
1466,UKYUGHHRHCM,DD11103,5063,UKYUGHHRHCM
1467,KNMVCYLFZQM,DD67539,8699,KNMVCYLFZQM
1468,DBBSQLGTBMM,DD33144,8180,DBBSQLGTBMM
1469,TUKIPQQATUM,DD61150,7681,TUKIPQQATUM
1470,UVRYTEHQLGM,DD41820,5453,UVRYTEHQLGM
1471,HDHNBQQJMFM,DD84861,7965,HDHNBQQJMFM
1472,ALIGDCSJCOM,DD11261,5614,ALIGDCSJCOM
1473,SMXPEGHKGCM,DD19967,6616,SMXPEGHKGCM
1474,DQJXGEGJKMM,DD42533,8834,DQJXGEGJKMM
1475,JJPCKXVUBMM,DD49455,5304,JJPCKXVUBMM
1476,CPTRQJIIAMM,DD39358,5405,CPTRQJIIAMM
1477,UBUANRRIDSM,DD87478,6271,UBUANRRIDSM
1478,GZGKHZBFHAM,DD15595,5984,GZGKHZBFHAM
1479,NHDJKFVARUM,DD83014,8059,NHDJKFVARUM
1480,NKMOKCMFNQM,DD55395,7850,NKMOKCMFNQM
1481,CCFWTHBBIOM,DD33633,7799,CCFWTHBBIOM
1482,JZIOKRMBYEM,DD05555,7824,JZIOKRMBYEM
1483,RJFIDNWFVTM,DD87772,7988,RJFIDNWFVTM
1484,NHPRQSZKTYM,DD45581,5393,NHPRQSZKTYM
1485,GKGPEMMGAIM,DD90648,6587,GKGPEMMGAIM
1486,QQWPYQNAOWM,DD19245,7282,QQWPYQNAOWM
1487,CAFIDTXJRRM,DD52884,6431,CAFIDTXJRRM
1488,QEMZDZCDXGM,DD82956,7266,QEMZDZCDXGM
1489,KZUQQZTVMOM,DD95032,6632,KZUQQZTVMOM
1490,XYICSTSFKNM,DD86937,6438,XYICSTSFKNM
1491,RNDYQTBSLDM,DD31548,8061,RNDYQTBSLDM
1492,TJUSAKEVAOM,DD10042,8243,TJUSAKEVAOM
1493,YADFIOLLPZM,DD90412,6032,YADFIOLLPZM
1494,QURWTEUEJOM,DD07069,6317,QURWTEUEJOM
1495,YGVJEQWWYYM,DD42641,7048,YGVJEQWWYYM
1496,MBSWLUTPLKM,DD70063,5024,MBSWLUTPLKM
1497,SHRWNVYVTFM,DD98019,7161,SHRWNVYVTFM
1498,YNOBZESJYUM,DD58938,7542,YNOBZESJYUM
1499,BITZUPQCHSM,DD97668,6770,BITZUPQCHSM
1500,HJVTIAFWGHM,DD40886,8576,HJVTIAFWGHM
1501,HRHGHMPUGAM,DD40639,8136,HRHGHMPUGAM
1502,VWUNMQIGINM,DD35627,5459,VWUNMQIGINM
1503,RIASRABRRZM,DD17793,5685,RIASRABRRZM
1504,OQPBHBWDZZM,DD69700,8873,OQPBHBWDZZM
1505,GCQTJEBYFQM,DD60641,6932,GCQTJEBYFQM
1506,LKWJZSRUGWM,DD53403,5512,LKWJZSRUGWM
1507,XLTRQFKYPBM,DD46832,5756,XLTRQFKYPBM
1508,FZWXTXOCQAM,DD32943,6143,FZWXTXOCQAM
1509,SZYKZZWOUEM,DD60163,6068,SZYKZZWOUEM
1510,EIPHSLZBHZM,DD72441,5230,EIPHSLZBHZM
1511,PSUQIUBVIZM,DD36146,7503,PSUQIUBVIZM
1512,ITQTGMPDIKM,DD23235,5652,ITQTGMPDIKM
1513,OAFHJESHYTM,DD38481,7744,OAFHJESHYTM
1514,IXTDMCXNNYM,DD82306,6994,IXTDMCXNNYM
1515,EFJCSADIGRM,DD50316,5941,EFJCSADIGRM
1516,DUQTCHBQCJM,DD57646,5351,DUQTCHBQCJM
1517,BCOUHNPMOZM,DD64049,7923,BCOUHNPMOZM
1518,PIPXWWVBDHM,DD49488,7759,PIPXWWVBDHM
1519,VUUBNSTVJQM,DD08235,5537,VUUBNSTVJQM
1520,QVMSXJGOYWM,DD44296,7510,QVMSXJGOYWM
1521,WEHRPRABIZM,DD00758,6272,WEHRPRABIZM
1522,BNRHULVDSJM,DD80423,6833,BNRHULVDSJM
1523,PMVGQIBNHVM,DD88092,6543,PMVGQIBNHVM
1524,IUNJIIMCZDM,DD26108,5418,IUNJIIMCZDM
1525,OQAUQVQHOIM,DD93979,5411,OQAUQVQHOIM
1526,NWNSALIYVAM,DD15392,8421,NWNSALIYVAM
1527,QQNLKEGDOQM,DD89572,7646,QQNLKEGDOQM
1528,SYAEZLOKJUM,DD40924,7027,SYAEZLOKJUM
1529,JWKXQNUQKWM,DD48244,5286,JWKXQNUQKWM
1530,TERIDRBTYOM,DD44793,5340,TERIDRBTYOM
1531,LRFSLITBANM,DD08619,6275,LRFSLITBANM
1532,RAVCHBRLYVM,DD47490,6392,RAVCHBRLYVM
1533,JPEIGLLRZKM,DD88591,5292,JPEIGLLRZKM
1534,MRRILYZHVIM,DD00962,5311,MRRILYZHVIM
1535,DWAMEMUNWQM,DD61442,5880,DWAMEMUNWQM
1536,JIPXMAOBVUM,DD53623,5690,JIPXMAOBVUM
1537,UKWXZTTPYNM,DD89548,5835,UKWXZTTPYNM
1538,JFYQTAPBDPM,DD01932,6141,JFYQTAPBDPM
1539,SGNOVZYNHRM,DD93856,5917,SGNOVZYNHRM
1540,FJLUJFKBZEM,DD35191,5491,FJLUJFKBZEM
1541,XFYEOJQQLCM,DD31146,7363,XFYEOJQQLCM
1542,XLPLNWBKQXM,DD43340,7754,XLPLNWBKQXM
1543,COZZDEJXKXM,DD55640,5619,COZZDEJXKXM
1544,NFSIULTSKPM,DD22565,7254,NFSIULTSKPM
1545,NSDQWYGOBSM,DD62146,8532,NSDQWYGOBSM
1546,MAVFLNZWILM,DD19005,6389,MAVFLNZWILM
1547,UPAIFNMKVHM,DD31289,7369,UPAIFNMKVHM
1548,XJUEOOMLZNM,DD79188,6717,XJUEOOMLZNM
1549,BOKNGLJBJVM,DD29609,8686,BOKNGLJBJVM
1550,ZKMDZHGERYM,DD88645,5216,ZKMDZHGERYM
1551,EICPGWREDIM,DD03028,7781,EICPGWREDIM
1552,IDAHFMTFBNM,DD79240,5286,IDAHFMTFBNM
1553,ZITKUHEZNLM,DD94108,5395,ZITKUHEZNLM
1554,ZKUTZKTSDEM,DD57963,6367,ZKUTZKTSDEM
1555,TORWKWSGGNM,DD91225,7509,TORWKWSGGNM
1556,UXPXLTTPDOM,DD27201,7240,UXPXLTTPDOM
1557,GDOEJWKVJTM,DD79911,8349,GDOEJWKVJTM
1558,LTWWPTJMOEM,DD00777,8173,LTWWPTJMOEM
1559,SBWWOLOGRRM,DD37811,8296,SBWWOLOGRRM
1560,KLXKXXALYMM,DD86675,5653,KLXKXXALYMM
1561,JHNZRHTXLQM,DD60610,5604,JHNZRHTXLQM
1562,DJJAKFWJAAM,DD51343,6429,DJJAKFWJAAM
1563,RYIUSLZCGYM,DD12547,5814,RYIUSLZCGYM
1564,GABKKCQKSHM,DD75212,5192,GABKKCQKSHM
1565,ZJTALSBYPAM,DD93928,7833,ZJTALSBYPAM
1566,LYPPCPSPSEM,DD33705,6123,LYPPCPSPSEM
1567,RLQLFLYPADM,DD34935,7035,RLQLFLYPADM
1568,NBKLQFAQSIM,DD35369,5972,NBKLQFAQSIM
1569,NGRZZJGSPXM,DD80504,8669,NGRZZJGSPXM
1570,KDBDZOGARVM,DD27596,6450,KDBDZOGARVM
1571,LTLRYSLAPBM,DD81636,8497,LTLRYSLAPBM
1572,SCQCQYHVLMM,DD34121,8345,SCQCQYHVLMM
1573,OAQRDRRMRCM,DD02195,8997,OAQRDRRMRCM
1574,SLHRIVLSPXM,DD52945,5595,SLHRIVLSPXM
1575,IVTTGLIUCQM,DD84672,6988,IVTTGLIUCQM
1576,RNOQZUVYQKM,DD99458,5225,RNOQZUVYQKM
1577,ZXYXYWMXHGM,DD30651,7666,ZXYXYWMXHGM
1578,QOGYWIDTXUM,DD14929,6879,QOGYWIDTXUM
1579,KTCHOFZQYRM,DD53549,5897,KTCHOFZQYRM
1580,CHRVFBIDIFM,DD59150,6754,CHRVFBIDIFM
1581,PQKDQFAGVMM,DD61788,8757,PQKDQFAGVMM
1582,QBNIIFFFDSM,DD29883,5703,QBNIIFFFDSM
1583,JTRJFYBACOM,DD49764,5223,JTRJFYBACOM
1584,TLVCKEDISYM,DD67431,5663,TLVCKEDISYM
1585,FDCQOIKRFYM,DD33223,5413,FDCQOIKRFYM
1586,VSDARYJEEGM,DD72917,6967,VSDARYJEEGM
1587,GNMGJIRBNJM,DD01272,5847,GNMGJIRBNJM
1588,NEWKYRUCJSM,DD79914,6025,NEWKYRUCJSM
1589,LMYLPQXECCM,DD80369,7119,LMYLPQXECCM
1590,SVZNBIFFUQM,DD10236,5558,SVZNBIFFUQM
1591,EUOIPGLBDQM,DD91778,5978,EUOIPGLBDQM
1592,OIPUOQRVZQM,DD40450,8998,OIPUOQRVZQM
1593,XJHAHMGDADM,DD23919,8631,XJHAHMGDADM
1594,ZENLBJPWHVM,DD52200,7488,ZENLBJPWHVM
1595,CAQQRATKZEM,DD45784,8230,CAQQRATKZEM
1596,SWLENZIZEWM,DD51446,6567,SWLENZIZEWM
1597,TPBUKUKLWKM,DD29308,7913,TPBUKUKLWKM
1598,NAXDWQCABDM,DD01670,7665,NAXDWQCABDM
1599,XFNBJYIXMIM,DD13156,7394,XFNBJYIXMIM
1600,HWMMFBGBDUM,DD46462,7353,HWMMFBGBDUM
1601,VUMAELHCAJM,DD58964,6559,VUMAELHCAJM
1602,YIETUXIWLAE,Sales,2711,VUMAELHCAJM
1603,LUEMSUGCNTE,Sales,4354,VUMAELHCAJM
1604,FRKYPZAOBIE,Sales,2965,VUMAELHCAJM
1605,CPYVVMXXKYE,Sales,1830,VUMAELHCAJM
1606,GIRFMVOGCUE,Sales,2344,VUMAELHCAJM
1607,XKQKWUDFZCE,Sales,4704,VUMAELHCAJM
1608,NSEGQBIOUXE,Sales,4755,VUMAELHCAJM
1609,JCZBKSULFME,Sales,3977,VUMAELHCAJM
1610,FQSFWHAXLVE,Sales,1145,VUMAELHCAJM
1611,ALZTAGDKOJE,Sales,1887,VUMAELHCAJM
1612,OFBTRMFDKRE,Sales,1679,VUMAELHCAJM
1613,WTYXCTIQZNE,Sales,3156,VUMAELHCAJM
1614,IPUDMGUOMFE,Sales,3895,VUMAELHCAJM
1615,VVZFPKORLTE,Sales,2867,VUMAELHCAJM
1616,FRNQSDIVAWE,Sales,4829,VUMAELHCAJM
1617,ZUVBTMIJOAE,Sales,1794,VUMAELHCAJM
1618,WIEXSMGLYVE,Sales,4434,VUMAELHCAJM
1619,UQLYITPDHSE,Sales,4539,VUMAELHCAJM
1620,PNPNXSMTEUE,Sales,2170,VUMAELHCAJM
1621,NTIMLWPAGZE,Sales,3240,VUMAELHCAJM
1622,PWNJZGMPCBE,Sales,4232,VUMAELHCAJM
1623,ZAJIZDALNUE,Sales,4303,VUMAELHCAJM
1624,TJXUMCHAGCE,Sales,3151,VUMAELHCAJM
1625,LZZVQIHGDDE,Sales,2370,VUMAELHCAJM
1626,LICUTWGDVPE,Sales,2296,VUMAELHCAJM
1627,FIXIALVBZZE,Sales,1520,VUMAELHCAJM
1628,HBGZWBRBYTE,Sales,2555,VUMAELHCAJM
1629,AOADYGZGNUE,Sales,3735,VUMAELHCAJM
1630,LFIANZIDBKE,Sales,3368,VUMAELHCAJM
1631,PQZJKWMGPRE,Sales,4895,VUMAELHCAJM
1632,DGVYUCIEYTE,Sales,4355,VUMAELHCAJM
1633,NVTGFOBCWBE,Sales,2514,VUMAELHCAJM
1634,UTYONSWQOUE,Sales,3819,VUMAELHCAJM
1635,FKPPDHNSJHE,Sales,1587,VUMAELHCAJM
1636,HUVWLAXGXAE,Sales,1765,VUMAELHCAJM
1637,IJGJWMIMBTE,Sales,3858,VUMAELHCAJM
1638,IGJREFBEAUE,Sales,1264,VUMAELHCAJM
1639,PJGLXEVKWNE,Sales,4962,VUMAELHCAJM
1640,JJQYRLDTRYE,Sales,2823,VUMAELHCAJM
1641,KBPGCIMWOZE,Sales,1785,VUMAELHCAJM
1642,JQTSDSTGPCE,Sales,4521,VUMAELHCAJM
1643,BIGBLRTFIVE,Sales,2021,VUMAELHCAJM
1644,VIBDBTKIXVE,Sales,3039,VUMAELHCAJM
1645,KQBCMNRZYEE,Sales,3014,VUMAELHCAJM
1646,LTMPZBQURVE,Sales,3652,VUMAELHCAJM
1647,HZFTSKLLMIE,Sales,4540,VUMAELHCAJM
1648,KICXYPYVFVE,Sales,3739,VUMAELHCAJM
1649,XJEOUFTYNME,Sales,2480,VUMAELHCAJM
1650,CXVTOJZTCPE,Sales,3966,VUMAELHCAJM
1651,BCABKJLQRNE,Sales,3459,VUMAELHCAJM
1652,LQKLIOWURCE,Sales,1592,VUMAELHCAJM
1653,ESCVZYXEKAE,Sales,3435,VUMAELHCAJM
1654,SIYVTRLLMLE,Sales,3651,VUMAELHCAJM
1655,YNUSVNEVFPE,Sales,4453,VUMAELHCAJM
1656,LWUQZNBHFRE,Sales,2770,VUMAELHCAJM
1657,RWNTFKHIOKE,Sales,1585,VUMAELHCAJM
1658,NSRGXKZDZJE,Sales,2223,VUMAELHCAJM
1659,UGDNLQESFNE,Sales,3712,VUMAELHCAJM
1660,ZVMRZVZSIJE,Sales,4041,VUMAELHCAJM
1661,PHNBSEXKEEE,Sales,1714,VUMAELHCAJM
1662,DXBABXJOBTE,Sales,2327,VUMAELHCAJM
1663,WUDNGXGJGVE,Sales,2725,VUMAELHCAJM
1664,YLFEOBUGXDE,Sales,2517,VUMAELHCAJM
1665,NYSEBYIGNKE,Sales,1359,VUMAELHCAJM
1666,ZVAOUIJZAHE,Sales,2533,VUMAELHCAJM
1667,HPSWMZZXJOE,Sales,1687,VUMAELHCAJM
1668,KUAPAQULWME,Sales,3500,VUMAELHCAJM
1669,FNHDYDEBXZE,Sales,1809,VUMAELHCAJM
1670,PBKZYZUWZNE,Sales,2384,VUMAELHCAJM
1671,PFPESACZFHE,Sales,1843,VUMAELHCAJM
1672,UCUNLVEHDHE,Sales,1974,VUMAELHCAJM
1673,OITNMSHOFUE,Sales,1530,VUMAELHCAJM
1674,XGOUQDOKPTE,Sales,2878,VUMAELHCAJM
1675,QYEFAXHRWYE,Sales,3749,VUMAELHCAJM
1676,ZQJUFVAUEFE,Sales,1740,VUMAELHCAJM
1677,WWRJUUILFPE,Sales,4193,VUMAELHCAJM
1678,YXFBOOVHRBE,Sales,2216,VUMAELHCAJM
1679,WHVMAVMSKKE,Sales,3340,VUMAELHCAJM
1680,IHTDJOWQUHE,Sales,2675,VUMAELHCAJM
1681,ISOHCSBVKUE,Sales,3013,VUMAELHCAJM
1682,BENOOKHSNLE,Sales,3826,VUMAELHCAJM
1683,VUECAZNQWDE,Sales,3322,VUMAELHCAJM
1684,OPPTWSMAASE,Sales,1365,VUMAELHCAJM
1685,ETCCYUYHEHE,Sales,2077,VUMAELHCAJM
1686,SJMSDIJKMQE,Sales,1357,VUMAELHCAJM
1687,RDLMDBSOMHE,Sales,3148,VUMAELHCAJM
1688,GLHTAFTYXEE,Sales,1186,VUMAELHCAJM
1689,BTIJJFWBSFE,Sales,1563,VUMAELHCAJM
1690,OEGEQFFLMFE,Sales,3266,VUMAELHCAJM
1691,SNCCNBUWSIE,Sales,1573,VUMAELHCAJM
1692,DXQFYWQWDCE,Sales,1415,VUMAELHCAJM
1693,DJQZXMKXJOE,Sales,4425,VUMAELHCAJM
1694,TJUZUNEBBSE,Sales,2766,VUMAELHCAJM
1695,BPTGRWHGHDE,Sales,3288,VUMAELHCAJM
1696,AYIFFZGELHE,Sales,4099,VUMAELHCAJM
1697,GGAGEPMKVLE,Sales,2133,VUMAELHCAJM
1698,WMRZSHLLWKE,Sales,3300,VUMAELHCAJM
1699,FIWFCVWNFDE,Sales,2030,VUMAELHCAJM
1700,QEMAADXCYWE,Sales,3800,VUMAELHCAJM
1701,ODNCURUIBBE,Sales,1791,VUMAELHCAJM
1702,IPGGYABBIYE,Sales,2635,VUMAELHCAJM
1703,DRIHDVJSVYE,Sales,2788,VUMAELHCAJM
1704,GWGHRPTFAVE,Sales,2853,VUMAELHCAJM
1705,YUFJVVYMETE,Sales,4427,VUMAELHCAJM
1706,HEYRCRJXRDE,Sales,2732,VUMAELHCAJM
1707,BJYSNHWBXME,Sales,4028,VUMAELHCAJM
1708,JTQKXIBJBNE,Sales,1038,VUMAELHCAJM
1709,XTRYHGNMBLE,Sales,1430,VUMAELHCAJM
1710,VRWKASMKCXE,Sales,4820,VUMAELHCAJM
1711,BJNMVNPKPWE,Sales,1394,VUMAELHCAJM
1712,JWWLEGDDZME,Sales,4311,VUMAELHCAJM
1713,BOORYKCECHE,Sales,1209,VUMAELHCAJM
1714,HBWVDXHWWPE,Sales,3715,VUMAELHCAJM
1715,VYSUKKGPIPE,Sales,3223,VUMAELHCAJM
1716,UDNHYQYAPME,Sales,2035,VUMAELHCAJM
1717,BUKFJVVOCOE,Sales,2113,VUMAELHCAJM
1718,IYZBLOHGTJE,Sales,1582,VUMAELHCAJM
1719,NHOZKXSZROE,Sales,4046,VUMAELHCAJM
1720,VCEPKMTPHEE,Sales,4817,VUMAELHCAJM
1721,WDSWOMHPTWE,Sales,1737,VUMAELHCAJM
1722,IBTFBNDZNME,Sales,1469,VUMAELHCAJM
1723,ELWSSUQZNXE,Sales,4198,VUMAELHCAJM
1724,GRILQHXXHNE,Sales,3851,VUMAELHCAJM
1725,ZQCTAPNEOWE,Sales,3091,VUMAELHCAJM
1726,SWXIKVOMCJE,Sales,1934,VUMAELHCAJM
1727,OWILCPQAPBE,Sales,1601,VUMAELHCAJM
1728,ERHJJKOYVXE,Sales,1946,VUMAELHCAJM
1729,ERVWUMKMDTE,Sales,3409,VUMAELHCAJM
1730,PZAKHIJDLJE,Sales,3201,VUMAELHCAJM
1731,MJACOYQAVBE,Sales,1992,VUMAELHCAJM
1732,BTSUETLSRXE,Sales,4550,VUMAELHCAJM
1733,ECWPEYOMPOE,Sales,3285,VUMAELHCAJM
1734,ZIALAVDHFLE,Sales,1336,VUMAELHCAJM
1735,DKCETVOTLWE,Sales,1891,VUMAELHCAJM
1736,AZVXNSLCJYE,Sales,2124,VUMAELHCAJM
1737,OFHLIUNKLLE,Sales,2952,VUMAELHCAJM
1738,AKSCUMANZKE,Sales,2373,VUMAELHCAJM
1739,GLJQKWLBKEE,Sales,2389,VUMAELHCAJM
1740,SOMDCJJMNWE,Sales,4910,VUMAELHCAJM
1741,VIOJQEHLKOE,Sales,2847,VUMAELHCAJM
1742,YHVVJJPRPAE,Sales,1136,VUMAELHCAJM
1743,OVUYFVWTPKE,Sales,2421,VUMAELHCAJM
1744,ZWQFJHNMINE,Sales,1583,VUMAELHCAJM
1745,IJIEYRRSXCE,Sales,1850,VUMAELHCAJM
1746,VZBOPEZDLFE,Sales,2810,VUMAELHCAJM
1747,ACBFJITNGZE,Sales,3643,VUMAELHCAJM
1748,XHQRLGVTFRE,Sales,3035,VUMAELHCAJM
1749,TQHTQRVHDSE,Sales,1658,VUMAELHCAJM
1750,MBOYDMRIWYE,Sales,2561,VUMAELHCAJM
1751,EVMPLIPLBYE,Sales,2358,VUMAELHCAJM
1752,ZCRFNSUKJLE,Sales,3087,VUMAELHCAJM
1753,TNSSCOKVPAE,Sales,1900,VUMAELHCAJM
1754,QCQIRUGZVAE,Sales,2057,VUMAELHCAJM
1755,VIYSFAJJDBE,Sales,2913,VUMAELHCAJM
1756,LKCFDAVOECE,Sales,1693,VUMAELHCAJM
1757,IMUJBEFIOVE,Sales,1766,VUMAELHCAJM
1758,QSRJAEGDYVE,Sales,2341,VUMAELHCAJM
1759,OVDSTMPCWGE,Sales,1926,VUMAELHCAJM
1760,LHPNSQYOPTE,Sales,4110,VUMAELHCAJM
1761,DFRTMBXKAYE,Sales,2224,VUMAELHCAJM
1762,TCWTPCKJQTE,Sales,4640,VUMAELHCAJM
1763,TJNVJDIKGAE,Sales,2922,VUMAELHCAJM
1764,YHPOEAZKNSE,Sales,1004,VUMAELHCAJM
1765,YNPXGKBJVKE,Sales,1972,VUMAELHCAJM
1766,QKVBTIYBWWE,Sales,1392,VUMAELHCAJM
1767,DFSNOCVLWWE,Sales,4099,VUMAELHCAJM
1768,LTCAJUHFIEE,Sales,4378,VUMAELHCAJM
1769,NVRCDZIZXJE,Sales,4073,VUMAELHCAJM
1770,BSVYTZVDABE,Sales,1855,VUMAELHCAJM
1771,FWDIJZKKFFE,Sales,3904,VUMAELHCAJM
1772,JHDAITNANWE,Sales,2802,VUMAELHCAJM
1773,PTTLGPLOBYE,Sales,3510,VUMAELHCAJM
1774,WHDUUEDYCFE,Sales,4973,VUMAELHCAJM
1775,ZWBLEYCEJXE,Sales,2336,VUMAELHCAJM
1776,RSJNVRJPTFE,Sales,3724,VUMAELHCAJM
1777,CPXTGIANVXE,Sales,2754,VUMAELHCAJM
1778,FJMMXRWNNQE,Sales,2698,VUMAELHCAJM
1779,YQMEHGSJHME,Sales,2802,VUMAELHCAJM
1780,ORJNRLZPKBE,Sales,3681,VUMAELHCAJM
1781,YPKELSRPFVE,Sales,2850,VUMAELHCAJM
1782,RYWDGIASTGE,Sales,1234,VUMAELHCAJM
1783,CEZMTNZGKCE,Sales,4053,VUMAELHCAJM
1784,YGCIRSDEMCE,Sales,4249,VUMAELHCAJM
1785,UKZKJODISHE,Sales,2395,VUMAELHCAJM
1786,XYPNOVYNOWE,Sales,1709,VUMAELHCAJM
1787,IMWQNSLMSIE,Sales,4066,VUMAELHCAJM
1788,XNEDMYLVLWE,Sales,1876,VUMAELHCAJM
1789,JJRKMZWTMFE,Sales,1813,VUMAELHCAJM
1790,VBHXCBKPSGE,Sales,4471,VUMAELHCAJM
1791,GLVUZBVQXUE,Sales,1597,VUMAELHCAJM
1792,KOKBYSPENPE,Sales,2990,VUMAELHCAJM
1793,LDBSTFTLZLE,Sales,1760,VUMAELHCAJM
1794,WPFDLCJFJRE,Sales,2664,VUMAELHCAJM
1795,VHQBRTJUMGE,Sales,4765,VUMAELHCAJM
1796,UQQEFVTNQBE,Sales,3618,VUMAELHCAJM
1797,SJFOEFNGBWE,Sales,2342,VUMAELHCAJM
1798,TUUEWHLMQHE,Sales,3345,VUMAELHCAJM
1799,APRUWTXAZGE,Sales,1785,VUMAELHCAJM
1800,JOAZWCAHSOE,Sales,4657,VUMAELHCAJM
1801,CBYVGXGYGFE,Sales,1761,VUMAELHCAJM
1802,HKUEOMNWJIE,Sales,1262,VUMAELHCAJM
1803,FAYMWEPPPSE,Sales,3984,VUMAELHCAJM
1804,PHFWPPBCMHE,Sales,3544,VUMAELHCAJM
1805,GXKLHZVUCOE,Sales,3260,VUMAELHCAJM
1806,CXTDNFKRRJE,Sales,2823,VUMAELHCAJM
1807,QEXHCETCRHE,Sales,3380,VUMAELHCAJM
1808,PXXXMYBYPBE,Sales,1615,VUMAELHCAJM
1809,MKDZJHOSIOE,Sales,1736,VUMAELHCAJM
1810,JAETACATTZE,Sales,2446,VUMAELHCAJM
1811,TWFPKVNEYME,Sales,3895,VUMAELHCAJM
1812,TBSMQQUBAME,Sales,2907,VUMAELHCAJM
1813,SNINHCFPMNE,Sales,4639,VUMAELHCAJM
1814,MYEWELQVITE,Sales,2245,VUMAELHCAJM
1815,XSZYROYKOFE,Sales,3177,VUMAELHCAJM
1816,LRZPGBIXIUE,Sales,4917,VUMAELHCAJM
1817,YFQUWCCZULE,Sales,3148,VUMAELHCAJM
1818,VPFMLZERVOE,Sales,2029,VUMAELHCAJM
1819,BQUYOERGAAE,Sales,3517,VUMAELHCAJM
1820,EOWOYEBQTRE,Sales,4875,VUMAELHCAJM
1821,RKUPKWFEDLE,Sales,3190,VUMAELHCAJM
1822,QMVJCDJVOOE,Sales,2189,VUMAELHCAJM
1823,AIXHPQTMSVE,Sales,2038,VUMAELHCAJM
1824,UTKDIRBXDBE,Sales,3627,VUMAELHCAJM
1825,LRICRUYRZEE,Sales,2056,VUMAELHCAJM
1826,FXPTBYQRRRE,Sales,3303,VUMAELHCAJM
1827,WRBUYQRXKRE,Sales,1344,VUMAELHCAJM
1828,BKCPTSBPDTE,Sales,1219,VUMAELHCAJM
1829,MYNOFYAIHTE,Sales,2785,VUMAELHCAJM
1830,WQWMCJKWPNE,Sales,4172,VUMAELHCAJM
1831,GTUNADRGORE,Sales,3011,VUMAELHCAJM
1832,QCKKLSYZQKE,Sales,4132,VUMAELHCAJM
1833,IKHPOVERPQE,Sales,4397,VUMAELHCAJM
1834,ZFCDPRIPLPE,Sales,2912,VUMAELHCAJM
1835,VALCZZSDKDE,Sales,2300,VUMAELHCAJM
1836,EFHNLPLITEE,Sales,2092,VUMAELHCAJM
1837,YGTQLDRUALE,Sales,2993,VUMAELHCAJM
1838,SSLHDGEKOTE,Sales,4607,VUMAELHCAJM
1839,MTYXTVMAQME,Sales,3720,VUMAELHCAJM
1840,SAPWJTSGULE,Sales,3760,VUMAELHCAJM
1841,BSLVAMXEYIE,Sales,4444,VUMAELHCAJM
1842,TCQKUVRQWDE,Sales,2259,VUMAELHCAJM
1843,GRBVLGHJOSE,Sales,4156,VUMAELHCAJM
1844,BLNQDRAZDLE,Sales,4721,VUMAELHCAJM
1845,BGVUHAYMTWE,Sales,1129,VUMAELHCAJM
1846,JHGWJMQQYQE,Sales,1680,VUMAELHCAJM
1847,XNJBJQOKWHE,Sales,2503,VUMAELHCAJM
1848,VJASCZQNKSE,Sales,1212,VUMAELHCAJM
1849,YCLVWZNPQFE,Sales,1676,VUMAELHCAJM
1850,FMCHHBYNDVE,Sales,4238,VUMAELHCAJM
1851,IAULADITJJE,Sales,1012,VUMAELHCAJM
1852,SWGUQDYDEFE,Sales,2671,VUMAELHCAJM
1853,WKNTVTCPLLE,Sales,2493,VUMAELHCAJM
1854,LOTWIEKARKE,Sales,4306,VUMAELHCAJM
1855,YTEVNDXIRUE,Sales,2438,VUMAELHCAJM
1856,HHHRJCZQUHE,Sales,3053,VUMAELHCAJM
1857,TKDZGBIDDTE,Sales,1287,VUMAELHCAJM
1858,ZDVIDIDAVPE,Sales,3278,VUMAELHCAJM
1859,GPYJKZGOBQE,Sales,4406,VUMAELHCAJM
1860,IYTMOAQMZUE,Sales,3559,VUMAELHCAJM
1861,ILWGSJHGIPE,Sales,3061,VUMAELHCAJM
1862,WNYHFFEQTOE,Sales,2030,VUMAELHCAJM
1863,JDABRAJGHQE,Sales,3788,VUMAELHCAJM
1864,WNKWKBVSWZE,Sales,4711,VUMAELHCAJM
1865,INFRIIGSRNE,Sales,2799,VUMAELHCAJM
1866,UAKSIAGMCME,Sales,4195,VUMAELHCAJM
1867,WKQHVCJKTWE,Sales,4790,VUMAELHCAJM
1868,RXBSAYAZLEE,Sales,3222,VUMAELHCAJM
1869,PDVUNKOIISE,Sales,4723,VUMAELHCAJM
1870,IWKPYKXWBKE,Sales,4485,VUMAELHCAJM
1871,EUZROSJXDDE,Sales,4324,VUMAELHCAJM
1872,EYTUPIIKZKE,Sales,1376,VUMAELHCAJM
1873,TAXCGBQXWVE,Sales,2950,VUMAELHCAJM
1874,IIXPDISTZVE,Sales,3075,VUMAELHCAJM
1875,ZZTIADAIEUE,Sales,2520,VUMAELHCAJM
1876,LKVVWWVSWRE,Sales,4567,VUMAELHCAJM
1877,XJJNJTOOVSE,Sales,1821,VUMAELHCAJM
1878,GEHFTRHENAE,Sales,2535,VUMAELHCAJM
1879,SPEKKYSMCWE,Sales,1026,VUMAELHCAJM
1880,FHWTSSPUBQE,Sales,3495,VUMAELHCAJM
1881,KEDYVGDROZE,Sales,4268,VUMAELHCAJM
1882,JFDWRMXQGNE,Sales,4986,VUMAELHCAJM
1883,JGDUOTQPCJE,Sales,4369,VUMAELHCAJM
1884,TAZCIODKDNE,Sales,2238,VUMAELHCAJM
1885,LOFIOJENUWE,Sales,4961,VUMAELHCAJM
1886,KTGGOGJYISE,Sales,2054,VUMAELHCAJM
1887,LUTBFSVYJEE,Sales,2783,VUMAELHCAJM
1888,JGXBHWWCSYE,Sales,3489,VUMAELHCAJM
1889,AZZWQAMNNRE,Sales,3148,VUMAELHCAJM
1890,HYLIZJFDQVE,Sales,2555,VUMAELHCAJM
1891,TZNDNIDNZME,Sales,4880,VUMAELHCAJM
1892,XPAEUMSWGRE,Sales,3396,VUMAELHCAJM
1893,NXMANFKBGVE,Sales,1287,VUMAELHCAJM
1894,UFFTUCTWNNE,Sales,1409,VUMAELHCAJM
1895,TFBBKAGMZXE,Sales,3215,VUMAELHCAJM
1896,YVYWVEEWRUE,Sales,1344,VUMAELHCAJM
1897,LHPQCFBSHRE,Sales,4400,VUMAELHCAJM
1898,TGVHCLQWLOE,Sales,4976,VUMAELHCAJM
1899,ROSSLWQTYFE,Sales,1053,VUMAELHCAJM
1900,XYWSELSUOWE,Sales,1669,VUMAELHCAJM
1901,QNIQEHVACQE,Sales,2885,VUMAELHCAJM
1902,AWUAIKDARME,Sales,2946,VUMAELHCAJM
1903,TLZGSUDERKE,Sales,4755,VUMAELHCAJM
1904,KOXLVAJIIUE,Sales,3762,VUMAELHCAJM
1905,EKDDQXLJOLE,Sales,2581,VUMAELHCAJM
1906,NEBICHBYXIE,Sales,1215,VUMAELHCAJM
1907,LULBWUPBVRE,Sales,2953,VUMAELHCAJM
1908,CFOPXCSLJBE,Sales,4528,VUMAELHCAJM
1909,IJOPESZGLRE,Sales,1007,VUMAELHCAJM
1910,BFOYAXBRWXE,Sales,1468,VUMAELHCAJM
1911,UVBAORSYDEE,Sales,1464,VUMAELHCAJM
1912,HJFVTEMQHFE,Sales,2014,VUMAELHCAJM
1913,WLLENHUNHHE,Sales,1531,VUMAELHCAJM
1914,EPFNOWJRFHE,Sales,1936,VUMAELHCAJM
1915,TYEMKVREYVE,Sales,2127,VUMAELHCAJM
1916,IJIWJWMLFJE,Sales,4909,VUMAELHCAJM
1917,JKGMXSUBAJE,Sales,2758,VUMAELHCAJM
1918,TRLCUBALGKE,Sales,3868,VUMAELHCAJM
1919,MDPEEWJHAUE,Sales,4764,VUMAELHCAJM
1920,QLGCZEZQCVE,Sales,3971,VUMAELHCAJM
1921,STPRGSTZSFE,Sales,2954,VUMAELHCAJM
1922,VHNLSXZEIGE,Sales,3411,VUMAELHCAJM
1923,NUBNSHTQVBE,Sales,1598,VUMAELHCAJM
1924,VJFHIGLVAFE,Sales,3374,VUMAELHCAJM
1925,IAXRCJJPPJE,Sales,4568,VUMAELHCAJM
1926,PAQWKAHFWTE,Sales,3388,VUMAELHCAJM
1927,AKEWRPBUHUE,Sales,2661,VUMAELHCAJM
1928,ZUMRUQGXYUE,Sales,2026,VUMAELHCAJM
1929,FIFSNMTUYFE,Sales,4222,VUMAELHCAJM
1930,NBMNNEQSIQE,Sales,3423,VUMAELHCAJM
1931,DYIJCCDHJEE,Sales,4398,VUMAELHCAJM
1932,GRNOLMNFDYE,Sales,4019,VUMAELHCAJM
1933,TKEXECXSHSE,Sales,3001,VUMAELHCAJM
1934,SZYZMLUPDEE,Sales,1837,VUMAELHCAJM
1935,ZKEAOQOJQCE,Sales,1670,VUMAELHCAJM
1936,PMMQWQJQHJE,Sales,4891,VUMAELHCAJM
1937,TBYGCDDQHGE,Sales,2923,VUMAELHCAJM
1938,VXURCRCISBE,Sales,4900,VUMAELHCAJM
1939,NKUIYAODOCE,Sales,4664,VUMAELHCAJM
1940,LMVJBIMAWOE,Sales,4158,VUMAELHCAJM
1941,NHFKOLECOJE,Sales,3433,VUMAELHCAJM
1942,OGHRGDWTKIE,Sales,2945,VUMAELHCAJM
1943,TTSSVAFZRUE,Sales,4243,VUMAELHCAJM
1944,XEDVTZAUIKE,Sales,3413,VUMAELHCAJM
1945,RIBSGJONVTE,Sales,4387,VUMAELHCAJM
1946,ZRDUGBXHVME,Sales,4225,VUMAELHCAJM
1947,MPHLPGVABOE,Sales,3403,VUMAELHCAJM
1948,DLDSJYJGPYE,Sales,2690,VUMAELHCAJM
1949,KOFHBKYJRHE,Sales,3155,VUMAELHCAJM
1950,XNJPQOGNBFE,Sales,3800,VUMAELHCAJM
1951,OGLXYAKGPXE,Sales,1226,VUMAELHCAJM
1952,LIDCMBMZPTE,Sales,2050,VUMAELHCAJM
1953,RACUHETDQKE,Sales,1304,VUMAELHCAJM
1954,VSFZEEOTUBE,Sales,4731,VUMAELHCAJM
1955,LDNDVJVLZEE,Sales,2451,VUMAELHCAJM
1956,XTFQSHFBXOE,Sales,4599,VUMAELHCAJM
1957,OXPCJZJSXME,Sales,2946,VUMAELHCAJM
1958,TDPJRDSYJGE,Sales,2974,VUMAELHCAJM
1959,ZBLZPWPZDVE,Sales,3812,VUMAELHCAJM
1960,IZVNZWLEYQE,Sales,2396,VUMAELHCAJM
1961,YSBPBZAXXDE,Sales,4201,VUMAELHCAJM
1962,JGGXSQXOPYE,Sales,1686,VUMAELHCAJM
1963,BPSSYADJUDE,Sales,2352,VUMAELHCAJM
1964,XMZNKXFYERE,Sales,4254,VUMAELHCAJM
1965,XEGJNEZCVEE,Sales,2798,VUMAELHCAJM
1966,NVPRDUNJRFE,Sales,4087,VUMAELHCAJM
1967,OBRUUCPFQUE,Sales,3795,VUMAELHCAJM
1968,VFBJLDMWJUE,Sales,3878,VUMAELHCAJM
1969,MAFCAOPVKLE,Sales,3142,VUMAELHCAJM
1970,AWOPAWSXGQE,Sales,4917,VUMAELHCAJM
1971,KDGPNCOQHIE,Sales,4967,VUMAELHCAJM
1972,PGDPDFVYNTE,Sales,1106,VUMAELHCAJM
1973,HJJTHRRSAGE,Sales,2998,VUMAELHCAJM
1974,IIVCEINKBVE,Sales,2029,VUMAELHCAJM
1975,KPVHICTTANE,Sales,2049,VUMAELHCAJM
1976,CZNWZCQHBGE,Sales,3598,VUMAELHCAJM
1977,FDNGENUSIDE,Sales,1083,VUMAELHCAJM
1978,GMEYBASCPZE,Sales,3872,VUMAELHCAJM
1979,WJSUIYFAOFE,Sales,2147,VUMAELHCAJM
1980,EMEYVSVQGAE,Sales,1495,VUMAELHCAJM
1981,POYDJCGMODE,Sales,3562,VUMAELHCAJM
1982,JTPRKJZRSUE,Sales,2480,VUMAELHCAJM
1983,UXPTMCGHAEE,Sales,4558,VUMAELHCAJM
1984,FDKXSZZWUXE,Sales,2762,VUMAELHCAJM
1985,EXCASBUIOAE,Sales,1501,VUMAELHCAJM
1986,QAUSHVCEIEE,Sales,4151,VUMAELHCAJM
1987,QHNEOISQXSE,Sales,1544,VUMAELHCAJM
1988,AFUICBBOEIE,Sales,1672,VUMAELHCAJM
1989,JBRRTKMCIGE,Sales,4385,VUMAELHCAJM
1990,MGAIAGALAJE,Sales,3684,VUMAELHCAJM
1991,GQZJXOXNVDE,Sales,2111,VUMAELHCAJM
1992,DTWTKCZNLEE,Sales,3059,VUMAELHCAJM
1993,PNYHNVCHBDE,Sales,4057,VUMAELHCAJM
1994,VQYWSPNSLCE,Sales,3301,VUMAELHCAJM
1995,WZVPTOJYQTE,Sales,1073,VUMAELHCAJM
1996,HCJETBMTJLE,Sales,2563,VUMAELHCAJM
1997,GPHOHERLIUE,Sales,3257,VUMAELHCAJM
1998,TTNTUYJVMYE,Sales,1058,VUMAELHCAJM
1999,KTJYQVTYDQE,Sales,1298,VUMAELHCAJM
2000,SDTSYYMYKOE,Sales,3557,VUMAELHCAJM
